id,network,name,state,lat,lon,elevation_m,in_range,km_outside,n_seasons
0J4,AL_ASOS,Florala,AL,31.0447,-86.3119,91.0,True,0.0,16
1M4,AL_ASOS,Haleyville,AL,34.2803,-87.6004,284.0,False,24.1,17
79J,AL_ASOS,Andalusia,AL,31.3061,-86.3902,98.0,True,0.0,19
ANB,AL_ASOS,Anniston,AL,33.5904,-85.8479,182.0,True,0.0,25
AUO,AL_ASOS,AUBURN-OPELIKA APT,AL,32.6151,-85.434,236.0,True,0.0,20
BFM,AL_ASOS,MOBILE DOWNTOWN,AL,30.6268,-88.0681,8.0,True,0.0,24
BHM,AL_ASOS,BIRMINGHAM MUNI,AL,33.5655,-86.7449,192.0,True,0.0,26
DCU,AL_ASOS,DECATUR/PRYOR FIELD,AL,34.6525,-86.9453,177.0,False,56.3,20
DHN,AL_ASOS,DOTHAN MUNICIPAL,AL,31.32,-85.45,122.0,True,0.0,26
EET,AL_ASOS,Alabaster,AL,33.1784,-86.7818,172.0,True,0.0,24
EUF,AL_ASOS,Eufaula,AL,31.9513,-85.1289,87.0,True,0.0,16
GZH,AL_ASOS,EVERGREEN,AL,31.4158,-87.0441,79.0,True,0.0,23
HSV,AL_ASOS,HUNTSVILLE/MADISON,AL,34.6439,-86.7861,196.0,False,51.4,26
JKA,AL_ASOS,Gulf Shores,AL,30.2905,-87.6718,4.9,True,0.0,17
MDQ,AL_ASOS,HUNTSVILLE/MADISON COUNTY EXEC,AL,34.86,-86.56,230.0,False,75.0,23
MGM,AL_ASOS,MONTGOMERY/DANNELLY,AL,32.3006,-86.394,62.0,False,24.6,26
MOB,AL_ASOS,MOBILE/BATES FIELD,AL,30.6883,-88.2456,67.0,True,0.0,26
MSL,AL_ASOS,MUSCLE SHOALS RGNL,AL,34.7438,-87.5996,168.0,False,68.4,26
MXF,AL_ASOS,MAXWELL AFB/MONTGOM,AL,32.3829,-86.3658,51.0,False,17.8,17
OZR,AL_ASOS,CAIRNS AAF/OZARK,AL,31.2758,-85.7134,91.0,True,0.0,25
PRN,AL_ASOS,Greenville,AL,31.8457,-86.6108,137.5,True,0.0,15
TCL,AL_ASOS,TUSCALOOSA MUNI,AL,33.2119,-87.6161,52.0,True,0.0,25
TOI,AL_ASOS,TROY MUNICIPAL,AL,31.8604,-86.0121,121.0,True,0.0,23
ELD,AR_ASOS,EL DORADO/GOODWIN,AR,33.221,-92.8133,77.0,False,92.0,25
AAF,FL_ASOS,APALACHICOLA MUNI (ASOS),FL,29.7276,-85.0274,6.0,True,0.0,23
APF,FL_ASOS,NAPLES MUNICIPAL,FL,26.1525,-81.7753,3.0,False,58.1,26
BKV,FL_ASOS,BROOKSVILLE (ASOS),FL,28.4736,-82.4554,20.0,True,0.0,26
BOW,FL_ASOS,Bartow,FL,27.9434,-81.7834,38.1,True,0.0,23
CEW,FL_ASOS,CRESTVIEW/BOB SIKES,FL,30.78,-86.52,65.0,True,0.0,25
COF,FL_ASOS,PATRICK AFB/COCOA B,FL,28.235,-80.61,3.0,False,29.5,19
CRG,FL_ASOS,JACKSONVILLE/CRAIG,FL,30.3361,-81.5147,12.0,True,0.0,26
DAB,FL_ASOS,DAYTONA BEACH RGNL,FL,29.1799,-81.0581,11.0,True,0.0,26
DTS,FL_ASOS,Destin - Fort Walton Beach,FL,30.3934,-86.4674,7.3086386,True,0.0,25
ECP,FL_ASOS,Panama City,FL,30.3582,-85.7956,69.0,True,0.0,16
EGI,FL_ASOS,DUKE FLD/EGLIN,FL,30.6503,-86.5229,59.0,True,0.0,18
EVB,FL_ASOS,NEW SMYRNA BEACH MUNI,FL,29.0557,-80.9489,3.0,False,2.9,21
FMY,FL_ASOS,FORT MYERS/PAGE FLD,FL,26.585,-81.8614,5.0,False,14.2,26
FPR,FL_ASOS,FT PIERCE/ST LUCIE,FL,27.4981,-80.3767,7.0,False,36.1,26
GIF,FL_ASOS,WINTER HAVEN (ASOS),FL,28.0629,-81.7533,44.0,True,0.0,25
GNV,FL_ASOS,GAINESVILLE RGNL,FL,29.6917,-82.276,46.0,True,0.0,26
HRT,FL_ASOS,HURLBURT FIELD (AF),FL,30.4278,-86.6893,12.0,True,0.0,22
INF,FL_ASOS,Inverness,FL,28.8036,-82.3182,15.732533,True,0.0,16
ISM,FL_ASOS,KISSIMMEE MUNI AIRPORT/ORLANDO,FL,28.29,-81.44,25.0,True,0.0,24
JAX,FL_ASOS,Jacksonville Intl,FL,30.4941,-81.6879,6.0,True,0.0,26
LAL,FL_ASOS,LAKELAND REGIONAL,FL,27.9889,-82.0186,43.0,True,0.0,25
LEE,FL_ASOS,LEESBURG MUNICIPAL AIRPORT,FL,28.82,-81.81,24.0,True,0.0,26
MAI,FL_ASOS,MARIANA,FL,30.8356,-85.1839,34.0,True,0.0,26
MCF,FL_ASOS,MACDILL AFB/TAMPA,FL,27.85,-82.52,4.0,True,0.0,25
MCO,FL_ASOS,Orlando International,FL,28.4294,-81.309,32.0,True,0.0,26
MLB,FL_ASOS,MELBOURNE REGIONAL,FL,28.1028,-80.6453,11.0,False,24.2,26
NDZ,FL_ASOS,Milton,FL,30.7044,-87.0231,54.0,True,0.0,20
NIP,FL_ASOS,JACKSONVILLE NAS,FL,30.2342,-81.6747,7.0,True,0.0,25
NPA,FL_ASOS,PENSACOLA NAS,FL,30.3533,-87.318,9.0,True,0.0,21
NRB,FL_ASOS,MAYPORT NS,FL,30.3914,-81.4245,5.0,True,0.0,22
NSE,FL_ASOS,WHITING FLD NAS-N.,FL,30.7242,-87.0219,61.0,True,0.0,20
OBE,FL_ASOS,Okeechobee,FL,27.2628,-80.8498,10.4,False,14.1,17
OCF,FL_ASOS,Ocala,FL,29.1636,-82.221,28.281782,True,0.0,26
OMN,FL_ASOS,ORMOND BEACH MUNI,FL,29.3006,-81.1136,9.0,True,0.0,19
ORL,FL_ASOS,ORLANDO/HERNDON,FL,28.5455,-81.3329,34.0,True,0.0,26
PAM,FL_ASOS,TYNDALL AFB,FL,30.0696,-85.5754,5.0,True,0.0,22
PGD,FL_ASOS,PUNTA GORDA,FL,26.9172,-81.9914,8.0,True,0.0,26
PIE,FL_ASOS,SAINT PETERSBURG,FL,27.91,-82.6874,3.0,True,0.0,26
PNS,FL_ASOS,PENSACOLA REGIONAL,FL,30.4781,-87.1869,37.0,True,0.0,26
RSW,FL_ASOS,FT MYERS/SW FLORIDA,FL,26.5381,-81.7567,9.0,False,25.4,25
SFB,FL_ASOS,SANFORD/ORLANDO,FL,28.7797,-81.2436,17.0,True,0.0,26
SGJ,FL_ASOS,ST AUGUSTINE AIRPT,FL,29.9592,-81.3397,3.0,True,0.0,26
SPG,FL_ASOS,St Petersburg,FL,27.7651,-82.627,1.0,True,0.0,26
SRQ,FL_ASOS,SARASOTA-BRADENTON,FL,27.4014,-82.5586,9.0,True,0.0,26
SUA,FL_ASOS,WITHAM FIELD AIRPORT/STUART,FL,27.18,-80.22,6.0,False,61.3,24
TLH,FL_ASOS,TALLAHASSEE RGNL,FL,30.3935,-84.3514,21.0,True,0.0,26
TPA,FL_ASOS,TAMPA INTL AIRPORT,FL,27.9619,-82.5403,3.0,True,0.0,26
TTS,FL_ASOS,NASA SHUTTLE FCLTY,FL,28.6149,-80.6944,3.0,False,30.1,22
VPS,FL_ASOS,EGLIN AFB/VALPARAIS,FL,30.4832,-86.5254,26.0,True,0.0,26
VQQ,FL_ASOS,Jacksonville - Cecil Field,FL,30.2187,-81.8767,24.7,True,0.0,21
VRB,FL_ASOS,Vero Beach,FL,27.6556,-80.4179,8.0,False,30.3,26
XMR,FL_ASOS,Cape Canaveral,FL,28.4677,-80.5668,3.0,False,37.1,18
ABY,GA_ASOS,ALBANY MUNICIPAL,GA,31.5355,-84.1945,59.0,True,0.0,26
AGS,GA_ASOS,AUGUSTA/BUSH FIELD,GA,33.3699,-81.9645,45.0,True,0.0,26
AHN,GA_ASOS,ATHENS MUNICIPAL,GA,33.9486,-83.3264,247.0,False,64.3,26
AMG,GA_ASOS,ALMA/BACON CO.,GA,31.5361,-82.5066,61.0,True,0.0,26
ATL,GA_ASOS,ATLANTA INTL ARPT,GA,33.6301,-84.4418,315.0,False,28.4,26
AYS,GA_ASOS,WAYCROSS/WARE CO.,GA,31.2491,-82.3955,46.0,True,0.0,25
BGE,GA_ASOS,BAINBRIDGE/DECATUR COUNTY INDUS,GA,30.9716,-84.6369,43.0,True,0.0,23
BQK,GA_ASOS,BRUNSWICK/GLYNCO,GA,31.2588,-81.4665,8.0,True,0.0,26
CNI,GA_ASOS,Cherokee County,GA,34.3106,-84.4239,372.0,False,21.5,18
CSG,GA_ASOS,COLUMBUS METRO ARPT,GA,32.5161,-84.9422,121.0,True,0.0,26
DBN,GA_ASOS,Dublin,GA,32.5644,-82.9853,94.0,True,0.0,20
DNN,GA_ASOS,DALTON MUNI AIRPORT,GA,34.72,-84.87,216.0,False,40.4,23
DQH,GA_ASOS,DOUGLAS_MUNI_ARPT,GA,31.4767,-82.8606,78.0,True,0.0,18
FFC,GA_ASOS,PEACHTREE CITY,GA,33.3553,-84.5669,264.0,False,20.6,26
FTY,GA_ASOS,ATLANTA/FULTON CO.,GA,33.78,-84.52,256.0,False,11.1,25
GVL,GA_ASOS,GAINSVILLE,GA,34.2719,-83.8303,38.0,False,67.0,26
HQU,GA_ASOS,THOMSON,GA,33.5297,-82.5164,152.0,False,6.8,21
JES,GA_ASOS,Jesup,GA,31.554,-81.8825,32.6,True,0.0,15
JYL,GA_ASOS,SYLVANIA,GA,32.6453,-81.5971,57.0,True,0.0,18
LHW,GA_ASOS,FT STEWART/WRIGHT,GA,31.8891,-81.5623,14.0,True,0.0,19
LSF,GA_ASOS,FORT BENNING,GA,32.3373,-84.9913,71.0,True,0.0,24
MCN,GA_ASOS,MACON/LEWIS WILSON,GA,32.6928,-83.6492,110.0,True,0.0,26
MGE,GA_ASOS,DOBBINS AFB/MARIETT,GA,33.9153,-84.5163,326.0,False,3.0,23
MLJ,GA_ASOS,Milledgeville,GA,33.1542,-83.2407,117.0,True,0.0,17
PDK,GA_ASOS,ATLANTA/DEKALB,GA,33.8756,-84.302,305.0,False,23.2,26
RMG,GA_ASOS,ROME/RUSSELL(RAMOS),GA,34.3478,-85.1611,196.0,True,0.0,24
RYY,GA_ASOS,MARIETTA,GA,34.0131,-84.5986,317.0,True,0.0,21
SAV,GA_ASOS,Savannah - Hilton Head,GA,32.1314,-81.2023,9.0,True,0.0,26
SSI,GA_ASOS,BRUNSWICK/MALCOLM,GA,31.1522,-81.3908,6.0,True,0.0,26
SVN,GA_ASOS,HUNTER (AAF),GA,32.01,-81.146,13.0,True,0.0,24
TVI,GA_ASOS,Thomasville,GA,30.9018,-83.8811,80.0,True,0.0,16
VAD,GA_ASOS,MOODY AFB/VALDOSTA,GA,30.9678,-83.193,71.0,True,0.0,18
VDI,GA_ASOS,VIDALIA MUNI AIRPORT,GA,32.19,-82.37,84.0,True,0.0,25
VPC,GA_ASOS,CARTERSVILLE AIRPORT,GA,34.1232,-84.8487,233.0,True,0.0,25
WDR,GA_ASOS,WINDER,GA,33.9829,-83.6674,287.0,False,75.5,25
WRB,GA_ASOS,WARNER ROBINS AFB,GA,32.6401,-83.5918,90.0,True,0.0,23
ACP,LA_ASOS,OAKDALE/ALLEN PARISH ARPT,LA,30.75,-92.69,33.0,True,0.0,17
AEX,LA_ASOS,ALEXANDRIA INTL/ENGLAND AFB,LA,31.3347,-92.5586,27.0,False,11.7,26
ARA,LA_ASOS,New Iberia - Acadiana,LA,30.0292,-91.8845,7.357297,False,70.7,25
ASD,LA_ASOS,SLIDELL,LA,30.3433,-89.8222,8.0,True,0.0,25
BAD,LA_ASOS,BARKSDALE AFB,LA,32.5019,-93.6626,51.0,False,56.4,18
BKB,LA_ASOS,Fullerton - Fort Polk,LA,31.0964,-92.9781,103.07338,True,0.0,17
BTR,LA_ASOS,BATON ROUGE/RYAN,LA,30.5372,-91.1469,21.0,False,4.4,26
CWF,LA_ASOS,Lake Charles - Chennault Intl,LA,30.2106,-93.1432,4.0,True,0.0,23
DRI,LA_ASOS,DE RIDDER/BEAUREGARD REGIONAL,LA,30.83,-93.34,62.0,True,0.0,19
DTN,LA_ASOS,SHREVEPORT DOWNTOWN,LA,32.5402,-93.745,55.0,False,65.1,25
GAO,LA_ASOS,Galliano,LA,29.4448,-90.2611,-0.39592367,False,94.8,18
HDC,LA_ASOS,HAMMOND MUNI AIRPORT,LA,30.52,-90.42,13.0,True,0.0,21
HUM,LA_ASOS,HOUMA-TERREBONNE,LA,29.5665,-90.6604,3.0,False,85.9,25
LCH,LA_ASOS,Lake Charles,LA,30.1255,-93.2277,4.7374153,False,9.6,26
LFT,LA_ASOS,Lafayette,LA,30.1986,-91.9896,14.588288,False,51.3,26
MLU,LA_ASOS,MONROE REGIONAL,LA,32.5109,-92.0377,24.0,False,28.5,26
MSY,LA_ASOS,New Orleans - Louis Armstrong,LA,29.9933,-90.2511,0.0,False,39.9,26
NBG,LA_ASOS,NEW ORLEANS NAS,LA,29.8253,-90.035,-6.0,False,48.5,22
NEW,LA_ASOS,NEW ORLEANS/LAKEFRO,LA,30.0424,-90.0282,3.0,False,24.9,25
POE,LA_ASOS,FORT POLK (ARMY),LA,31.0448,-93.1916,100.0,True,0.0,22
RSN,LA_ASOS,Ruston,LA,32.5144,-92.5883,95.0,False,18.4,15
SHV,LA_ASOS,SHREVEPORT REGIONAL,LA,32.4472,-93.8244,79.0,False,69.4,26
TVR,LA_ASOS,Vicksburg / Tallulah,LA,32.3481,-91.0299,28.109251,False,39.4,26
UXL,LA_ASOS,Sulphur,LA,30.1314,-93.3761,3.0,False,9.7,18
BIX,MS_ASOS,KEESLER AFB/BILOXI,MS,30.4104,-88.9244,10.0,True,0.0,21
CBM,MS_ASOS,COLUMBUS AFB,MS,33.6438,-88.4438,67.0,False,60.2,19
GPT,MS_ASOS,GULFPORT-BILOXI,MS,30.4073,-89.0701,9.0,True,0.0,26
GTR,MS_ASOS,GOLDEN TRI(AWOS),MS,33.4503,-88.5914,80.0,False,74.8,23
GWO,MS_ASOS,GREENWOOD/LEFLORE,MS,33.4943,-90.0847,47.0,False,60.1,26
HBG,MS_ASOS,HATTIESBURG MUNI,MS,31.2649,-89.2529,46.0,True,0.0,26
HKS,MS_ASOS,JACKSON/HAWKINS FIELD,MS,32.3348,-90.2225,104.0,False,9.0,24
JAN,MS_ASOS,JACKSON/THOMPSON,MS,32.32,-90.08,101.0,False,4.0,26
MCB,MS_ASOS,MCCOMB/LEWIS FIELD,MS,31.18,-90.47,126.0,True,0.0,26
MEI,MS_ASOS,MERIDIAN/KEY FIELD,MS,32.3348,-88.7511,94.0,True,0.0,26
NMM,MS_ASOS,MERIDIAN NAS/MCCAIN,MS,32.5521,-88.5556,97.0,True,0.0,22
PIB,MS_ASOS,PINE BELT RGNL AWOS,MS,31.4671,-89.3371,91.0,True,0.0,22
PQL,MS_ASOS,PASCAGOULA,MS,30.4636,-88.5319,5.0,True,0.0,23
AFP,NC_ASOS,Wadesboro,NC,35.0206,-80.0771,91.4,True,0.0,18
AKH,NC_ASOS,GASTONIA_MCPL_(ASOS),NC,35.1967,-81.1558,244.0,False,72.2,26
ASJ,NC_ASOS,AHOSKIE_TRI_COU,NC,36.3,-77.17,21.0,True,0.0,22
CLT,NC_ASOS,Charlotte / Douglas,NC,35.2226,-80.9543,228.0,False,63.7,26
CPC,NC_ASOS,COLUMBUS_CNTY_MUNI_ARPT,NC,34.2753,-78.7146,30.0,True,0.0,21
CTZ,NC_ASOS,CLINTON,NC,34.9756,-78.3644,45.0,True,0.0,19
DPL,NC_ASOS,KENANSVILLE/DUPLIN_COUNTY,NC,35.0,-77.98,42.0,True,0.0,21
ECG,NC_ASOS,Elizabeth City,NC,36.2577,-76.1716,2.0,False,27.6,26
EDE,NC_ASOS,EDENTON_NORTHEA,NC,36.0277,-76.5671,6.0,True,0.0,25
EQY,NC_ASOS,MONROE_AIRPORT_(ASOS),NC,35.0169,-80.6206,207.0,False,31.8,26
EWN,NC_ASOS,NEW_BERN/CRAVEN_CO_(ASOS),NC,35.0675,-77.0472,6.0,True,0.0,26
EXX,NC_ASOS,LEXINGTON_DAVIDSON_COUNTY_AIRP,NC,35.7811,-80.3038,223.0,False,48.8,24
EYF,NC_ASOS,ELIZABETHTOWN/CURTIS_BROWN_FIELD,NC,34.6,-78.58,40.0,True,0.0,23
FAY,NC_ASOS,Fayetteville,NC,34.9912,-78.8803,56.0,True,0.0,25
FBG,NC_ASOS,FORT_BRAGG/SIMMONS,NC,35.1318,-78.9367,74.0,True,0.0,21
FFA,NC_ASOS,KILL_DEVIL_HILLS,NC,36.02,-75.67,4.0,False,23.5,20
GSO,NC_ASOS,GREENSBORO/PIEDMONT_(ASOS),NC,36.0975,-79.9436,270.0,False,75.6,26
GWW,NC_ASOS,GOLDSBORO-WAYNE_MUNI_ARPT,NC,35.4606,-77.9649,41.0,True,0.0,23
HBI,NC_ASOS,ASHEBORO_MUNI_ARPT,NC,35.6545,-79.8948,205.0,False,28.5,24
HFF,NC_ASOS,MACKALL_AAF,NC,35.0367,-79.4974,115.0,True,0.0,19
HNZ,NC_ASOS,HENDERSON-OXFORD_ARPT,NC,36.36,-78.53,161.0,False,60.3,18
HRJ,NC_ASOS,ERWIN/HARNETT_COUNTY_ARPT,NC,35.3786,-78.7336,60.0,True,0.0,25
HSE,NC_ASOS,HATTERAS_(ASOS),NC,35.2322,-75.6225,3.0,False,55.6,24
ILM,NC_ASOS,Wilmington Intl,NC,34.27,-77.9,10.0,True,0.0,26
IPJ,NC_ASOS,LINCOLNTON,NC,35.4833,-81.1612,267.0,False,95.1,23
ISO,NC_ASOS,KINSTON/STALLINGS,NC,35.33,-77.61,29.0,True,0.0,25
IXA,NC_ASOS,Roanoke Rapids,NC,36.3298,-77.6352,44.0,True,0.0,17
JNX,NC_ASOS,SMITHFIELD,NC,35.5409,-78.3903,50.0,True,0.0,24
JQF,NC_ASOS,CONCORD,NC,35.3878,-80.7091,210.0,False,52.8,22
LBT,NC_ASOS,Lumberton,NC,34.61,-79.06,38.0,True,0.0,25
LHZ,NC_ASOS,LOUISBURG/FRANKLIN_CNTY_ARPT,NC,36.0233,-78.3303,113.0,False,29.3,23
MEB,NC_ASOS,LAURINBURG-MAXTON_ARPT_(ASOS),NC,34.7919,-79.3658,67.0,True,0.0,26
MQI,NC_ASOS,MANTEO/DARE_CO_RGNL,NC,35.919,-75.6955,4.0,False,13.7,26
MRH,NC_ASOS,SMITH_FIELD/BEAUFORT_(ASOS),NC,34.7336,-76.6606,3.0,False,0.1,26
NCA,NC_ASOS,NEW_RIVER_MCAS,NC,34.7084,-77.4397,8.0,True,0.0,25
NKT,NC_ASOS,CHERRY_POINT_MCAS,NC,34.9,-76.88,9.0,True,0.0,26
OAJ,NC_ASOS,JACKSONVILLE_(AWOS),NC,34.8292,-77.6121,29.0,True,0.0,25
OCW,NC_ASOS,Washington/Warren,NC,35.57,-77.05,12.0,True,0.0,24
ONX,NC_ASOS,Currituck,NC,36.3999,-76.0154,5.5,False,30.0,20
PGV,NC_ASOS,PITT-GREENVILLE_APRT,NC,35.6352,-77.3853,8.0,True,0.0,25
POB,NC_ASOS,POPE_AFB,NC,35.1709,-79.0145,66.0,True,0.0,23
RCZ,NC_ASOS,ROCKINGHAM,NC,34.89,-79.76,109.0,True,0.0,18
RDU,NC_ASOS,Raleigh / Durham,NC,35.8922,-78.7819,117.95659,False,16.0,26
RUQ,NC_ASOS,ROWAN_COUNTY_AIRPORT,NC,35.6459,-80.5203,236.0,False,48.9,23
RWI,NC_ASOS,ROCKY_MOUNT-WILSON_(ASOS),NC,35.8562,-77.8919,48.0,True,0.0,24
SOP,NC_ASOS,SOUTHERN_PINES_AWOS,NC,35.2372,-79.3911,141.0,True,0.0,20
SUT,NC_ASOS,SOUTHPORT/BRUNSWICK,NC,33.9292,-78.0747,8.0,True,0.0,21
SVH,NC_ASOS,STATESVILLE,NC,35.765,-80.9539,294.0,False,88.7,23
TDF,NC_ASOS,ROXBORO,NC,36.2849,-78.9842,186.0,False,61.2,23
TTA,NC_ASOS,Sanford - Lee County,NC,35.5764,-79.1034,73.0,False,4.8,21
VUJ,NC_ASOS,ALBEMARLE,NC,35.4167,-80.1508,186.0,False,7.1,21
AIK,SC_ASOS,Aiken,SC,33.6494,-81.685,160.9,True,0.0,17
AND,SC_ASOS,ANDERSON CO AIRPORT,SC,34.4946,-82.7094,238.0,False,69.4,26
BNL,SC_ASOS,Barnwell,SC,33.2578,-81.3883,75.0,True,0.0,15
CAE,SC_ASOS,COLUMBIA METRO,SC,33.9419,-81.1181,69.0,True,0.0,26
CDN,SC_ASOS,Camden,SC,34.2836,-80.5649,92.0,True,0.0,16
CEU,SC_ASOS,CLEMSON/OCONEE COUNTY,SC,34.6719,-82.8868,272.0,False,94.7,26
CHS,SC_ASOS,Charleston,SC,32.8986,-80.0405,10.024509,True,0.0,26
CKI,SC_ASOS,Kingstree,SC,33.7172,-79.857,20.4,True,0.0,15
CQW,SC_ASOS,Cheraw,SC,34.7129,-79.957,72.8,True,0.0,15
CRE,SC_ASOS,NORTH MYRTLE BEACH,SC,33.8118,-78.7239,10.0,True,0.0,26
CUB,SC_ASOS,COLUMBIA OWENS DOWNTOWN AIRPORT,SC,33.972,-80.9938,59.0,True,0.0,26
DCM,SC_ASOS,Chester,SC,34.7893,-81.1958,199.9,False,51.3,17
EOE,SC_ASOS,Newberry,SC,34.3093,-81.6397,173.1,False,15.0,15
FLO,SC_ASOS,FLORENCE REGIONAL,SC,34.1854,-79.7239,45.0,True,0.0,25
GGE,SC_ASOS,Georgetown,SC,33.3117,-79.3196,11.9,True,0.0,17
GMU,SC_ASOS,Greenville - Downtown,SC,34.8419,-82.349,304.0,False,83.0,26
GRD,SC_ASOS,GREENWOOD COUNTY AIRPORT,SC,34.25,-82.16,192.0,False,17.1,26
GSP,SC_ASOS,Greenville - Spartanburg,SC,34.9061,-82.2125,294.0,False,86.3,26
GYH,SC_ASOS,Greenville,SC,34.7583,-82.3764,291.0,False,75.5,21
HVS,SC_ASOS,Hartsville,SC,34.4031,-80.1192,110.9,True,0.0,16
HXD,SC_ASOS,Hilton Head Island,SC,32.2244,-80.6975,5.0,True,0.0,22
HYW,SC_ASOS,Conway,SC,33.8285,-79.1222,10.7,True,0.0,17
JZI,SC_ASOS,Charleston Exec,SC,32.7009,-80.0029,5.2,True,0.0,17
LKR,SC_ASOS,Lancaster,SC,34.723,-80.8544,148.1,False,19.4,16
LQK,SC_ASOS,Pickens County,SC,34.81,-82.7029,308.0,False,96.5,24
LUX,SC_ASOS,Laurens,SC,34.5071,-81.9472,212.4,False,40.1,15
MAO,SC_ASOS,Marion,SC,34.1812,-79.3347,28.0,True,0.0,17
MKS,SC_ASOS,Moncks Corner,SC,33.1855,-80.0362,22.3,True,0.0,15
MMT,SC_ASOS,MCENTIRE ANG BASE,SC,33.92,-80.8,77.0,True,0.0,17
MYR,SC_ASOS,MYRTLE BEACH(CIV),SC,33.68,-78.93,8.0,True,0.0,26
NBC,SC_ASOS,BEAUFORT MCAS,SC,32.4774,-80.7232,12.0,True,0.0,24
OGB,SC_ASOS,ORANGEBURG,SC,33.4568,-80.8595,60.0,True,0.0,26
RBW,SC_ASOS,Walterboro,SC,32.921,-80.6406,30.8,True,0.0,18
SPA,SC_ASOS,Spartanburg,SC,34.9157,-81.9565,244.1,False,85.4,17
SSC,SC_ASOS,SHAW AFB/SUMTER,SC,33.97,-80.47,74.0,True,0.0,26
UDG,SC_ASOS,DARLINGTON COUNTY JETPORT,SC,34.45,-79.89,59.0,True,0.0,21
CHA,TN_ASOS,CHATTANOOGA/LOVELL,TN,35.0353,-85.2038,210.0,False,74.8,26
BPT,TX_ASOS,Beaumont - Port Arthur,TX,29.9521,-94.0261,4.5784636,False,12.3,26
CXO,TX_ASOS,CONROE/MONTGOMERY COUNTY AIRPORT,TX,30.3524,-95.4145,75.0,False,52.9,26
DWH,TX_ASOS,HOUSTON/D.W. HOOKS,TX,30.068,-95.5562,46.0,False,73.8,26
EFD,TX_ASOS,HOUSTON/ELLINGTON,TX,29.6073,-95.1588,10.0,False,46.9,25
GGG,TX_ASOS,LONGVIEW/GREGG CO.,TX,32.384,-94.7115,124.0,False,93.0,26
GLS,TX_ASOS,GALVESTON/SCHOLES,TX,29.2653,-94.8604,16.0,False,45.9,26
HOU,TX_ASOS,HOUSTON/WILL HOBBY,TX,29.6375,-95.2824,14.0,False,58.4,26
IAH,TX_ASOS,Houston Intercontinental,TX,29.9844,-95.3607,28.0,False,60.9,26
JAS,TX_ASOS,JASPER COUNTY-BELL FIELD AIRPORT,TX,30.8857,-94.0349,65.0,True,0.0,23
JSO,TX_ASOS,JACKSONVILLE,TX,31.87,-95.22,206.0,False,84.8,19
LBX,TX_ASOS,ANGLETON/LAKE JACKS,TX,29.1086,-95.4621,8.0,False,98.2,24
LFK,TX_ASOS,LUFKIN/ANGELINA CO.,TX,31.234,-94.75,88.0,False,11.0,24
LVJ,TX_ASOS,Pearland Regional,TX,29.5189,-95.2417,13.164371,False,56.9,24
ORG,TX_ASOS,Orange,TX,30.0692,-93.8036,4.0,False,14.7,18
PSN,TX_ASOS,PALESTINE,TX,31.7797,-95.7063,129.0,False,92.3,21
SGR,TX_ASOS,HOUSTON/HULL FIELD,TX,29.6222,-95.6565,2.0,False,94.6,26
UTS,TX_ASOS,HUNTSVILLE MUNICIPAL AIRPORT,TX,30.7469,-95.5872,112.0,False,41.7,26
AKQ,VA_ASOS,WAKEFIELD (NEXRAD),VA,36.9839,-77.0072,64.0,False,22.0,25
AVC,VA_ASOS,SOUTH HILL/MECKLENBURG-BRUNSWICK,VA,36.6883,-78.0545,135.0,False,14.1,22
CPK,VA_ASOS,CHESAPEAKE,VA,36.6656,-76.3207,6.0,True,0.0,25
EMV,VA_ASOS,EMPORIA-GREENSVILLE RGL AIRPORT,VA,36.6869,-77.4828,39.0,False,3.8,20
FAF,VA_ASOS,FORT EUSTIS/FELKER,VA,37.1325,-76.6088,4.0,False,33.2,19
FKN,VA_ASOS,FRANKLIN/J B ROSE,VA,36.6981,-76.9038,12.0,True,0.0,24
FVX,VA_ASOS,FARMVILLE,VA,37.3575,-78.4378,125.0,False,89.1,22
FYJ,VA_ASOS,WEST_POINT,VA,37.5211,-76.7647,7.0,False,74.6,20
LFI,VA_ASOS,LANGLEY AFB/HAMPTON,VA,37.0828,-76.3605,3.0,False,38.4,25
NFE,VA_ASOS,Fentress,VA,36.695,-76.1356,5.0,False,14.1,23
NGU,VA_ASOS,NORFOLK NAS/CHAMBER,VA,36.9375,-76.2893,5.0,False,28.2,26
NTU,VA_ASOS,OCEANA NAS/SOUCEK,VA,36.8207,-76.0335,7.0,False,29.3,26
ORF,VA_ASOS,NORFOLK INTL ARPT,VA,36.9033,-76.1922,9.0,False,27.6,26
PHF,VA_ASOS,NEWPORT NEWS,VA,37.1319,-76.493,13.0,False,36.5,26
PTB,VA_ASOS,PETERSBURG (AWOS),VA,37.1838,-77.5074,59.0,False,54.9,25
PVG,VA_ASOS,Norfolk/Hampton Roads,VA,36.7801,-76.4488,7.0,False,6.1,19
RIC,VA_ASOS,RICHMOND/BYRD FIELD,VA,37.5115,-77.3234,54.0,False,86.8,26
SFQ,VA_ASOS,SUFFOLK,VA,36.6824,-76.6019,22.0,True,0.0,24
