id,name,state,network,lat,lon,elevation_m,archive_begin,archive_end,online,in_range,km_outside,n_days,first_date,last_date,complete_seasons,complete_last,live_ok,usable
18H,Lucius,TX,TX_ASOS,26.1283,-92.0333,30.0,2023-09-20,,True,False,456.9,1066.0,2023-09-20,2026-09-20,1.0,False,True,False
25T,PHI OIL PLAT,GM,TX_ASOS,26.93,-94.68,10.0,2005-02-17,2010-09-27,False,False,296.6,,,,,,False,False
4F2,Carthage,TX,TX_ASOS,32.176,-94.2988,75.229965,2019-09-20,,True,False,55.9,2492.0,2019-09-20,2026-09-20,6.0,True,True,False
6R3,Cleveland,TX,TX_ASOS,30.3564,-95.008,45.7,2009-10-20,,True,False,14.1,5698.0,2009-10-20,2026-06-03,13.0,False,False,False
ASL,Marshall,TX,TX_ASOS,32.5205,-94.3078,108.8,2011-05-18,,True,False,93.7,5523.0,2011-05-18,2026-09-20,14.0,True,True,False
ATA,Atlanta,TX,TX_ASOS,33.1018,-94.1953,81.0,2018-07-11,,True,False,132.3,986.0,2018-07-11,2026-04-24,1.0,False,False,False
AXH,Houston SW,TX,TX_ASOS,29.5061,-95.4769,20.7,2009-05-12,,True,False,79.3,6208.0,2009-05-12,2026-09-20,15.0,False,True,False
BMT,Beaumont,TX,TX_ASOS,30.0702,-94.2151,9.8,2011-03-10,,True,True,0.0,5496.0,2011-03-09,2026-09-20,10.0,True,True,False
BPT,Beaumont - Port Arthur,TX,TX_ASOS,29.9521,-94.0261,4.5784636,1944-03-04,,True,False,12.3,9394.0,2001-01-01,2026-09-20,26.0,True,True,True
BQX,Brazos 451,TX,TX_ASOS,28.4936,-95.7244,0.0,2010-05-13,,True,False,165.1,4304.0,2010-05-13,2026-09-20,7.0,True,True,False
BYY,Bay City Regional,TX,TX_ASOS,28.9732,-95.8634,13.0,2002-11-11,,True,False,138.7,8536.0,2002-11-11,2026-09-20,21.0,True,True,False
CRH,West Cameron,GM,TX_ASOS,28.9086,-93.3016,0.0,2010-08-03,2015-10-14,False,False,137.7,,,,,,False,False
CXO,CONROE/MONTGOMERY COUNTY AIRPORT,TX,TX_ASOS,30.3524,-95.4145,75.0,1997-01-01,,True,False,52.9,9389.0,2001-01-01,2026-09-20,26.0,True,True,True
DKR,Crocket,TX,TX_ASOS,31.307,-95.4038,106.1,2005-05-24,,True,False,33.3,6623.0,2005-05-24,2026-07-10,10.0,False,False,False
DWH,HOUSTON/D.W. HOOKS,TX,TX_ASOS,30.068,-95.5562,46.0,1986-09-16,,True,False,73.8,9383.0,2001-01-01,2026-09-20,26.0,True,True,True
EFD,HOUSTON/ELLINGTON,TX,TX_ASOS,29.6073,-95.1588,10.0,1941-07-01,,True,False,46.9,9305.0,2001-01-01,2026-09-20,25.0,True,True,True
EMK,East Breaks (GoM),GM,TX_ASOS,27.8186,-94.3228,0.0,2010-01-13,2022-04-16,False,False,198.5,,,,,,False,False
F12,HENDERSON RUSK C,TX,TX_ASOS,32.1417,-94.8517,135.0,2008-02-15,2011-09-08,False,False,80.9,,,,,,False,False
F17,Center,TX,TX_ASOS,31.8316,-94.1564,95.238235,2010-09-01,,True,False,16.4,3958.0,2010-09-01,2026-09-20,9.0,True,True,False
F44,Athens,TX,TX_ASOS,32.1638,-95.8284,135.39607,2012-08-14,,True,False,134.8,5027.0,2012-08-14,2026-09-20,13.0,True,True,False
GGG,LONGVIEW/GREGG CO.,TX,TX_ASOS,32.384,-94.7115,124.0,1947-05-04,,True,False,93.0,9391.0,2001-01-01,2026-09-20,26.0,True,True,True
GLS,GALVESTON/SCHOLES,TX,TX_ASOS,29.2653,-94.8604,16.0,1939-01-01,,True,False,45.9,9267.0,2001-01-01,2026-09-16,26.0,True,True,True
GUL,Gunnison (GoM),GM,TX_ASOS,27.3039,-93.5383,0.0,2010-01-13,,True,False,271.9,5169.0,2009-12-17,2026-09-20,10.0,False,True,False
GVW,Galveston 209B,TX,TX_ASOS,29.1302,-94.5466,0.0,1954-03-27,,True,False,52.1,1440.0,2022-03-29,2026-09-20,1.0,False,True,False
GVX,Galveston 424,TX,TX_ASOS,28.5767,-94.9767,0.0,2010-05-04,2016-03-04,False,False,121.0,,,,,,False,False
GYF,Alaminos Canyon Block 857,TX,TX_ASOS,26.129,-94.898,65.0,2019-12-27,,True,False,386.7,2285.0,2019-12-27,2026-09-20,5.0,True,True,False
HHV,Hoover Diana,GM,TX_ASOS,26.9392,-94.6886,0.0,2011-07-24,,True,False,295.6,4112.0,2011-07-24,2026-08-07,5.0,False,False,False
HOU,HOUSTON/WILL HOBBY,TX,TX_ASOS,29.6375,-95.2824,14.0,1929-02-01,,True,False,58.4,9394.0,2001-01-01,2026-09-20,26.0,True,True,True
HQI,High Island 376,GM,TX_ASOS,27.962,-93.6708,0.0,2010-05-04,2020-08-03,False,False,199.1,,,,,,False,False
IAH,Houston Intercontinental,TX,TX_ASOS,29.9844,-95.3607,28.0,1966-08-13,,True,False,60.9,9394.0,2001-01-01,2026-09-20,26.0,True,True,True
JAS,JASPER COUNTY-BELL FIELD AIRPORT,TX,TX_ASOS,30.8857,-94.0349,65.0,2002-03-13,,True,True,0.0,8818.0,2002-03-13,2026-09-20,23.0,True,True,True
JDD,MINEOLA/QUITMAN,TX,TX_ASOS,32.7422,-95.4965,132.0,2004-05-25,,True,False,170.5,7744.0,2004-05-25,2026-09-20,12.0,True,True,False
JSO,JACKSONVILLE,TX,TX_ASOS,31.87,-95.22,206.0,2003-07-09,,True,False,84.8,8239.0,2003-07-09,2026-09-20,19.0,True,True,True
JXI,GILMER/FOX_STEPHENS_FIELD,TX,TX_ASOS,32.7,-94.95,127.0,2004-05-25,,True,False,134.4,7842.0,2004-05-25,2026-09-20,17.0,True,True,False
LBR,CLARKSVILLE,TX,TX_ASOS,33.5932,-95.0636,134.0,2002-02-08,2017-03-26,False,False,227.5,,,,,,False,False
LBX,ANGLETON/LAKE JACKS,TX,TX_ASOS,29.1086,-95.4621,8.0,1989-07-14,,True,False,98.2,9296.0,2001-01-01,2026-09-06,24.0,True,True,True
LFK,LUFKIN/ANGELINA CO.,TX,TX_ASOS,31.234,-94.75,88.0,1948-08-01,,True,False,11.0,9379.0,2001-01-01,2026-09-20,24.0,True,True,True
LVJ,Pearland Regional,TX,TX_ASOS,29.5189,-95.2417,13.164371,1998-11-01,,True,False,56.9,9333.0,2001-01-01,2026-09-20,24.0,True,True,True
MCJ,Houston Dunn,TX,TX_ASOS,29.714,-95.395,22.525835,2008-09-11,,True,False,68.8,6319.0,2008-09-11,2026-09-20,14.0,False,True,False
OCH,NACOGDOCHES (AWOS),TX,TX_ASOS,31.5778,-94.7094,108.0,1992-02-26,,True,False,27.8,9118.0,2001-01-01,2026-09-20,22.0,False,True,False
ORG,Orange,TX,TX_ASOS,30.0692,-93.8036,4.0,2005-08-31,,True,False,14.7,7560.0,2005-08-29,2026-09-20,18.0,True,True,True
OSA,MOUNT PLEASANT AIRPORT,TX,TX_ASOS,33.0956,-94.9614,111.0,2003-02-13,,True,False,173.2,8491.0,2003-02-13,2026-09-20,22.0,True,True,False
PRX,PARIS/COX FIELD,TX,TX_ASOS,33.6366,-95.4508,167.0,1944-05-17,,True,False,247.1,9221.0,2001-01-01,2026-09-20,22.0,True,True,False
PSN,PALESTINE,TX,TX_ASOS,31.7797,-95.7063,129.0,1947-11-01,,True,False,92.3,8241.0,2003-11-07,2026-09-20,21.0,True,True,True
RFI,Henderson,TX,TX_ASOS,32.1417,-94.8517,134.7,2008-07-21,,True,False,80.9,6448.0,2008-02-17,2026-09-20,10.0,False,True,False
RPE,SABINE PASS,TX,TX_ASOS,29.7,-93.95,3.0,1986-10-01,2010-12-09,False,False,39.5,,,,,,False,False
SGR,HOUSTON/HULL FIELD,TX,TX_ASOS,29.6222,-95.6565,2.0,1996-07-01,,True,False,94.6,9393.0,2001-01-01,2026-09-20,26.0,True,True,True
SLR,SULPHUR_SPRINGS,TX,TX_ASOS,33.16,-95.62,149.0,2004-10-27,,True,False,212.4,7947.0,2004-10-27,2026-09-20,21.0,False,True,False
T41,La Porte,TX,TX_ASOS,29.6692,-95.0641,7.0,2019-10-12,,True,False,37.0,2513.0,2019-10-11,2026-09-20,5.0,False,True,False
T78,Liberty,TX,TX_ASOS,30.0778,-94.6986,21.857124,2021-08-21,,True,False,14.7,1853.0,2021-08-21,2026-09-20,5.0,True,True,False
TME,Houston Exec,TX,TX_ASOS,29.805,-95.8979,50.6,2009-02-04,,True,False,115.9,5940.0,2009-11-30,2026-09-20,12.0,True,True,False
TYR,TYLER/POUNDS FLD,TX,TX_ASOS,32.3541,-95.4024,166.0,1934-09-16,,True,False,133.4,9391.0,2001-01-01,2026-09-20,26.0,True,True,False
UTS,HUNTSVILLE MUNICIPAL AIRPORT,TX,TX_ASOS,30.7469,-95.5872,112.0,1997-02-28,,True,False,41.7,9376.0,2001-01-01,2026-09-20,26.0,True,True,True
VAF,Boomvang,GM,TX_ASOS,27.3536,-94.6253,0.0,2010-07-22,,True,False,249.4,5384.0,2010-07-22,2026-09-20,9.0,True,True,False
0R3,Abbeville,LA,LA_ASOS,29.9758,-92.0842,4.6,2008-07-09,2011-08-25,False,False,60.7,,,,,,False,False
0R4,Vidalia,LA,LA_ASOS,31.562,-91.5065,14.531767,2016-05-26,,True,False,19.2,3258.0,2016-05-26,2026-09-20,7.0,True,True,False
1B7,BOOTHVILLE/R L SUGGS HELIPORT,LA,LA_ASOS,29.35,-89.4333,1.0,1999-10-01,2016-11-03,False,False,90.0,,,,,,False,False
2GL,GALLIANO HELIPRT,LA,LA_ASOS,29.409,-90.288,3.0,2004-02-28,2008-06-25,False,False,99.4,,,,,,False,False
3B6,EUGENE ISLAND 330,GM,LA_ASOS,28.22,-91.68,0.0,2000-01-08,2009-09-30,False,False,250.4,,,,,,False,False
3F3,Mansfield,LA,LA_ASOS,32.0717,-93.764,99.33973,2016-09-15,,True,False,47.1,3406.0,2016-09-15,2026-06-20,9.0,True,False,False
3L4,Grand Chenier,LA,LA_ASOS,29.8,-92.804,4.7830763,1987-01-17,,True,False,52.1,1502.0,2018-09-07,2026-09-20,2.0,True,True,False
3R7,Jennings,LA,LA_ASOS,30.2427,-92.6735,5.5129023,2012-06-01,,True,False,8.2,5113.0,2012-06-01,2026-09-20,14.0,True,True,False
4C0,Oil Platform,LA,LA_ASOS,29.78,-93.18,1.0,2003-01-17,2011-08-29,False,False,47.4,,,,,,False,False
5R8,De Quincy,LA,LA_ASOS,30.4411,-93.4736,27.579348,2012-10-20,,True,True,0.0,4889.0,2012-10-20,2026-09-20,6.0,False,True,False
7N0,New Orleans Downtown,LA,LA_ASOS,29.9527,-90.0827,8.792443,2012-07-26,2023-01-26,False,False,35.9,,,,,,False,False
7R3,AMELIA/LAKE PALOURD,LA,LA_ASOS,29.6931,-91.0986,2.0,1978-04-03,2016-11-03,False,False,81.6,,,,,,False,False
7R4,INTRACOASTAL CITY,LA,LA_ASOS,29.78,-92.13,5.0,1976-01-01,2015-04-26,False,False,74.8,,,,,,False,False
7R5,CAMERON HELIPORT,LA,LA_ASOS,29.7833,-93.3,1.0,1982-05-01,2005-07-31,False,False,47.7,,,,,,False,False
7R8,SOUTH MARSH ISLAND,GM,LA_ASOS,28.3,-91.9833,1.0,1984-08-01,2003-03-06,False,False,232.9,,,,,,False,False
9F2,FOURCHON (SAWRS),LA,LA_ASOS,29.1,-90.2,2.0,1987-01-18,2025-02-27,False,False,128.0,,,,,,False,False
ACP,OAKDALE/ALLEN PARISH ARPT,LA,LA_ASOS,30.75,-92.69,33.0,2005-04-08,,True,True,0.0,7611.0,2005-04-08,2026-09-20,17.0,True,True,True
AEX,ALEXANDRIA INTL/ENGLAND AFB,LA,LA_ASOS,31.3347,-92.5586,27.0,1943-09-01,,True,False,11.7,9394.0,2001-01-01,2026-09-20,26.0,True,True,True
AGI,Garden Banks,LA,LA_ASOS,27.546,-92.44,41.0,2021-07-23,,True,False,303.3,1619.0,2021-07-23,2026-09-20,3.0,True,True,False
ANR,Green Canyon,LA,LA_ASOS,27.2264,-91.19,0.0,2024-05-19,,True,False,349.9,525.0,2024-06-26,2026-09-20,0.0,False,True,False
APS,Reserve,LA,LA_ASOS,30.086,-90.5842,4.188735,2014-11-06,,True,False,28.5,4111.0,2014-11-06,2026-09-20,10.0,True,True,False
AQV,Peason Ridge - Ft Polk,LA,LA_ASOS,31.3569,-93.1761,114.04607,2005-03-02,,True,True,0.0,7715.0,2005-03-02,2026-09-20,16.0,False,True,False
ARA,New Iberia - Acadiana,LA,LA_ASOS,30.0292,-91.8845,7.357297,1961-01-01,,True,False,70.7,9384.0,2001-01-01,2026-09-20,25.0,True,True,True
ASD,SLIDELL,LA,LA_ASOS,30.3433,-89.8222,8.0,1998-09-01,,True,True,0.0,9368.0,2001-01-01,2026-09-20,25.0,True,True,True
ATP,Atlantis,GM,LA_ASOS,27.1956,-90.0269,0.0,2010-07-22,,True,False,330.8,5156.0,2010-07-22,2026-09-20,7.0,False,True,False
AUD,Audubon Park,LA,LA_ASOS,29.917,-90.1299,6.76615,2000-03-15,2016-11-13,False,False,41.1,,,,,,False,False
AXO,GRAND ISLE (SAWRS),LA,LA_ASOS,29.25,-89.9667,2.0,1987-01-17,2016-11-03,False,False,105.7,,,,,,False,False
BAD,BARKSDALE AFB,LA,LA_ASOS,32.5019,-93.6626,51.0,1937-03-01,,True,False,56.4,9151.0,2001-01-03,2026-09-20,18.0,True,True,True
BKB,Fullerton - Fort Polk,LA,LA_ASOS,31.0964,-92.9781,103.07338,2005-03-03,,True,True,0.0,7374.0,2005-03-03,2026-09-20,17.0,True,True,True
BQP,Bastrop,LA,LA_ASOS,32.7561,-91.8806,50.9,2006-07-24,,True,False,59.3,6544.0,2006-07-24,2026-09-20,15.0,False,True,False
BTR,BATON ROUGE/RYAN,LA,LA_ASOS,30.5372,-91.1469,21.0,1932-06-04,,True,False,4.4,9394.0,2001-01-01,2026-09-20,26.0,True,True,True
BVE,BOOTHVILLE,LA,LA_ASOS,29.3333,-89.4075,1.0,1965-02-01,2023-08-25,False,False,92.3,,,,,,False,False
BXA,Bogalusa,LA,LA_ASOS,30.8137,-89.865,35.870052,1998-09-01,,True,True,0.0,8574.0,2001-01-01,2026-09-20,16.0,False,True,False
CMB,East Cameron 47,GM,LA_ASOS,29.4406,-92.9792,0.0,2010-07-22,2012-08-03,False,False,86.6,,,,,,False,False
CTH,Eugene Island 338K,LA,LA_ASOS,28.196,-91.667,44.0,2026-04-25,,True,False,253.4,65.0,2026-04-25,2026-09-20,0.0,False,True,False
CVW,Cameron,LA,LA_ASOS,29.784,-93.3,2.6456296,1981-09-18,2019-04-16,False,False,47.6,,,,,,False,False
CWF,Lake Charles - Chennault Intl,LA,LA_ASOS,30.2106,-93.1432,4.0,1918-01-01,,True,True,0.0,9326.0,2001-01-01,2026-09-20,23.0,True,True,True
CYD,MISS CANYAN 807,GM,LA_ASOS,28.1667,-89.2167,1.0,2005-02-17,,True,False,223.0,2165.0,2005-02-17,2026-09-20,2.0,True,True,False
DNK,SELF FLS/JRTK_FT_POLK ASOS,LA,LA_ASOS,31.1106,-93.1533,113.0,2005-03-03,2013-05-02,False,True,0.0,,,,,,False,False
DRI,DE RIDDER/BEAUREGARD REGIONAL,LA,LA_ASOS,30.83,-93.34,62.0,1943-01-17,,True,True,0.0,7869.0,2004-09-24,2026-09-20,19.0,True,True,True
DSF,Mississippi Canyon 650,LA,LA_ASOS,28.35,-88.2667,0.0,2018-01-31,,True,False,206.6,2964.0,2018-01-31,2026-09-20,5.0,True,True,False
DTN,SHREVEPORT DOWNTOWN,LA,LA_ASOS,32.5402,-93.745,55.0,1981-09-04,,True,False,65.1,9380.0,2001-01-01,2026-09-20,25.0,True,True,True
E12,East Cameron 345,LA,LA_ASOS,28.0833,-92.7,0.0,2002-12-21,2002-12-31,False,False,239.7,,,,,,False,False
EHC,East Cameron,GM,LA_ASOS,28.429,-92.878,0.0,2010-04-30,2018-09-19,False,False,199.1,,,,,,False,False
EIR,Eugene Island 215,GM,LA_ASOS,28.634,-91.489,0.0,2010-06-21,2021-09-11,False,False,204.9,,,,,,False,False
ESF,Alexandria - Esler,LA,LA_ASOS,31.3963,-92.2827,25.399994,1941-07-01,,True,True,0.0,9333.0,2001-01-01,2026-09-20,24.0,False,True,False
ETO,Mississippi Canyon 941,LA,LA_ASOS,28.03,-89.1,0.0,2024-04-10,,True,False,240.0,479.0,2024-04-10,2025-11-24,0.0,False,False,False
EZP,East Cameron 321A ,LA,LA_ASOS,28.22,-92.784,31.0,2020-08-03,,True,False,223.4,1708.0,2020-01-08,2026-09-20,3.0,True,True,False
GAO,Galliano,LA,LA_ASOS,29.4448,-90.2611,-0.39592367,1972-12-31,,True,False,94.8,7591.0,2004-05-25,2026-09-20,18.0,True,True,True
GBK,Magnolia (GoM),GM,LA_ASOS,27.2039,-92.2025,0.0,2010-01-13,,True,False,345.8,4662.0,2009-12-17,2026-09-20,8.0,False,True,False
GHB,Salsa,GM,LA_ASOS,27.84,-91.99,0.0,2010-10-24,,True,False,282.3,4595.0,2010-10-24,2026-09-20,6.0,True,True,False
GLX,Mississippi Canyon 724,LA,LA_ASOS,28.23,-88.99,55.0,2022-04-11,,True,False,220.9,1007.0,2022-04-11,2026-09-20,2.0,True,True,False
GRY,Green Canyon 338,GM,LA_ASOS,27.625,-90.441,0.0,2010-11-04,,True,False,291.9,5000.0,2010-11-04,2026-09-20,8.0,False,True,False
GSM,SHIP SHOAL 207A,GM,LA_ASOS,28.5333,-90.9833,1.0,2000-04-17,2010-05-12,False,False,203.5,,,,,,False,False
H08,HIGH ISLAND 264C,GM,LA_ASOS,28.4667,-93.7333,1.0,1996-07-01,2013-05-10,False,False,146.1,,,,,,False,False
H78,Offshort,GM,LA_ASOS,28.18,-88.48,0.0,2007-04-23,2020-02-27,False,False,224.7,,,,,,False,False
HDC,HAMMOND MUNI AIRPORT,LA,LA_ASOS,30.52,-90.42,13.0,2001-12-07,,True,True,0.0,8809.0,2001-12-07,2026-09-20,21.0,True,True,True
HUM,HOUMA-TERREBONNE,LA,LA_ASOS,29.5665,-90.6604,3.0,1945-03-01,,True,False,85.9,9097.0,2001-01-01,2026-09-20,25.0,True,True,True
HZR,New Roads,LA,LA_ASOS,30.7183,-91.4787,10.88682,2012-03-15,,True,False,21.3,5025.0,2011-12-21,2026-09-20,11.0,False,True,False
IER,NATTCHITOCHES REGIONAL AIRPORT,LA,LA_ASOS,31.7357,-93.0991,37.0,1999-01-19,,True,False,20.3,9072.0,2001-01-01,2026-09-20,22.0,False,True,False
IPN,Independence (GoM),GM,LA_ASOS,28.085,-87.9858,0.0,2009-12-17,2016-06-16,False,False,236.7,,,,,,False,False
IYA,Abbeville,LA,LA_ASOS,29.9758,-92.0842,5.0,2008-07-09,,True,False,60.7,6388.0,2008-07-09,2026-09-10,9.0,False,True,False
JSL,Unnamed Oil Rig,LA,LA_ASOS,26.2367,-91.2567,0.0,2025-01-26,,True,False,459.6,420.0,2025-01-26,2026-03-21,0.0,False,False,False
L38,Gonzales,LA,LA_ASOS,30.1727,-90.9406,1.642858,2012-08-30,2025-03-08,False,False,26.7,,,,,,False,False
LCH,Lake Charles,LA,LA_ASOS,30.1255,-93.2277,4.7374153,1942-05-02,,True,False,9.6,9379.0,2001-01-01,2026-09-20,26.0,True,True,True
LFT,Lafayette,LA,LA_ASOS,30.1986,-91.9896,14.588288,1937-05-01,,True,False,51.3,9392.0,2001-01-01,2026-09-20,26.0,True,True,True
LNQ,Buras,LA,LA_ASOS,29.364,-89.438,1.0,2019-03-04,2023-08-25,False,False,88.4,,,,,,False,False
MDJ,Mississippi Canyon,LA,LA_ASOS,28.6425,-89.7942,0.0,2010-04-30,2021-08-29,False,False,168.6,,,,,,False,False
MKQ,Green Canyon 433,LA,LA_ASOS,27.52,-90.0,0.0,2023-08-12,,True,False,294.8,982.0,2023-08-12,2026-09-20,0.0,False,True,False
MKV,Marksville,LA,LA_ASOS,31.0946,-92.069,23.0,2025-06-12,,True,False,15.6,436.0,2025-06-12,2026-09-20,0.0,False,True,False
MLU,MONROE REGIONAL,LA,LA_ASOS,32.5109,-92.0377,24.0,1912-07-01,,True,False,28.5,9394.0,2001-01-01,2026-09-20,26.0,True,True,True
MNE,Minden,LA,LA_ASOS,32.646,-93.2981,84.7,2010-06-14,,True,False,36.4,5751.0,2010-06-14,2026-09-20,14.0,False,True,False
MSY,New Orleans - Louis Armstrong,LA,LA_ASOS,29.9933,-90.2511,0.0,1932-05-01,,True,False,39.9,9392.0,2001-01-01,2026-09-20,26.0,True,True,True
MTK,South Pass 89E-B,LA,LA_ASOS,28.6967,-89.3958,30.0,2019-01-16,,True,False,162.4,2482.0,2019-01-16,2026-09-20,4.0,True,True,False
MZM,Main Pass 69P,LA,LA_ASOS,29.294,-88.8616,1.0,2025-07-17,,True,False,105.3,405.0,2025-07-17,2026-09-20,0.0,False,True,False
NBG,NEW ORLEANS NAS,LA,LA_ASOS,29.8253,-90.035,-6.0,1949-01-01,,True,False,48.5,9328.0,2001-01-01,2026-09-20,22.0,True,True,True
NEW,NEW ORLEANS/LAKEFRO,LA,LA_ASOS,30.0424,-90.0282,3.0,1942-09-01,,True,False,24.9,9372.0,2001-01-01,2026-09-20,25.0,True,True,True
OPL,Opelousas,LA,LA_ASOS,30.5584,-92.0994,23.447739,2013-05-02,,True,False,12.9,4798.0,2013-05-02,2026-09-20,11.0,True,True,False
OYE,South Timbalier 52B ,LA,LA_ASOS,28.87,-90.49,-18.0,2024-02-06,,True,False,162.4,875.0,2024-02-06,2026-09-20,2.0,True,True,False
P92,Salt Point,LA,LA_ASOS,29.559,-91.525,4.662723,1985-02-08,2024-06-19,False,False,113.2,,,,,,False,False
PBM,Powerball Murphy,LA,LA_ASOS,28.37,-89.49,0.0,2025-06-23,,True,False,197.8,407.0,2025-06-23,2026-09-20,0.0,False,True,False
POE,FORT POLK (ARMY),LA,LA_ASOS,31.0448,-93.1916,100.0,1957-11-01,,True,True,0.0,9178.0,2001-01-01,2026-09-20,22.0,True,True,True
PTN,PATTERSON MEMORIAL,LA,LA_ASOS,29.7096,-91.339,3.0,1984-09-10,,True,False,89.4,8684.0,2001-01-01,2026-09-20,14.0,True,True,False
QT8,PHI OIL PLATF,GM,LA_ASOS,27.53,-92.43,1.0,2005-02-17,2011-10-05,False,False,305.3,,,,,,False,False
QT9,PHI OIL PLATF,GM,LA_ASOS,27.78,-90.63,1.0,2005-02-17,2011-12-01,False,False,280.4,,,,,,False,False
REG,Gonzale,LA,LA_ASOS,30.1667,-90.9333,7.9862785,2014-07-31,,True,False,27.1,4331.0,2014-07-31,2026-09-20,9.0,True,True,False
RSN,Ruston,LA,LA_ASOS,32.5144,-92.5883,95.0,2000-10-26,,True,False,18.4,7437.0,2001-01-01,2026-09-20,15.0,True,True,True
S58,SOUTH TIMBALIER,GM,LA_ASOS,28.5333,-90.5833,1.0,1987-01-17,2011-04-07,False,False,200.5,,,,,,False,False
SCF,South Marsh 268,LA,LA_ASOS,29.1158,-91.8711,0.0,2010-04-30,2021-09-30,False,False,151.6,,,,,,False,False
SHV,SHREVEPORT REGIONAL,LA,LA_ASOS,32.4472,-93.8244,79.0,1934-01-01,,True,False,69.4,9394.0,2001-01-01,2026-09-20,26.0,True,True,True
SPR,Ship Shoal (GoM),GM,LA_ASOS,28.599,-91.206,0.0,2009-12-17,,True,False,200.6,3680.0,2009-12-17,2026-09-20,8.0,True,True,False
SQE,GOMEX Ship Shoal 354,GM,LA_ASOS,28.083,-90.819,-146.0,2014-11-06,2017-03-17,False,False,251.1,,,,,,False,False
SRN,SOUTH MARSH ISLAND BLOCK 268A,GM,LA_ASOS,29.1167,-91.8667,0.0,1972-12-31,2010-05-19,False,False,151.7,,,,,,False,False
STZ,South Timbalier,GM,LA_ASOS,28.16,-90.666,0.0,2011-04-08,2013-04-16,False,False,241.9,,,,,,False,False
TAH,Green Canyon 641,LA,LA_ASOS,27.33,-90.71,65.0,2024-10-01,,True,False,330.5,624.0,2024-10-01,2026-09-20,1.0,True,True,False
TVR,Vicksburg / Tallulah,LA,LA_ASOS,32.3481,-91.0299,28.109251,1996-07-01,,True,False,39.4,9388.0,2001-01-01,2026-09-20,26.0,True,True,True
UXL,Sulphur,LA,LA_ASOS,30.1314,-93.3761,3.0,2006-10-24,,True,False,9.7,7230.0,2006-06-07,2026-09-20,18.0,True,True,True
VBS,Sabine 13B,LA,LA_ASOS,29.4783,-93.6383,0.0,2010-04-30,2019-03-01,False,False,75.7,,,,,,False,False
VKY,Zapata-Yorktowntlat,LA,LA_ASOS,29.248,-88.441,0.0,2011-01-05,2023-07-03,False,False,106.2,,,,,,False,False
VNP,Vermillion 26,LA,LA_ASOS,29.467,-92.368,4.0,2010-04-30,2013-04-24,False,False,98.0,,,,,,False,False
VOA,Viosca Knoll,GM,LA_ASOS,29.229,-87.781,0.0,2011-01-05,,True,False,111.2,5293.0,2011-01-05,2026-09-20,9.0,True,True,False
VQT,Vermillion 331,GM,LA_ASOS,28.27,-92.264,0.0,2011-06-10,2023-10-02,False,False,229.9,,,,,,False,False
W60,W. CAMERON 560,GM,LA_ASOS,29.15,-93.35,1.0,2000-08-27,2005-04-11,False,False,118.1,,,,,,False,False
WBF,Block WR29,LA,LA_ASOS,26.93,-90.5,0.0,2018-04-08,,True,False,368.5,2322.0,2018-04-08,2026-09-20,3.0,False,True,False
XCN,GREEN_CANYON_184,GM,LA_ASOS,27.7667,-91.5167,0.0,1999-09-01,2006-09-11,False,False,297.7,,,,,,False,False
XER,Green Canyon 19,LA,LA_ASOS,27.946,-90.9969,0.0,2024-12-31,,True,False,268.1,2296.0,2018-09-25,2026-09-20,3.0,False,True,False
XIH,High Island 179A,GM,LA_ASOS,29.18,-94.521,0.0,2010-11-22,2020-03-27,False,False,46.6,,,,,,False,False
XPY,Port Fourchon,LA,LA_ASOS,29.123,-90.202,2.0,2011-03-31,2020-10-06,False,False,125.6,,,,,,False,False
01M,Belmont,MS,MS_ASOS,34.4917,-88.2011,173.01176,2013-11-07,,True,False,82.8,572.0,2013-11-07,2026-09-20,1.0,False,True,False
0R0,Columbia,MS,MS_ASOS,31.297,-89.8128,78.9417,2014-02-05,,True,True,0.0,3496.0,2014-02-05,2026-09-20,3.0,True,True,False
15M,Iuka,MS,MS_ASOS,34.7723,-88.1659,183.0,2022-05-25,,True,False,99.2,1476.0,2022-05-25,2026-09-20,2.0,False,True,False
1R7,Brookhaven,MS,MS_ASOS,31.6058,-90.4093,149.0,2011-04-02,,True,True,0.0,4227.0,2011-04-02,2026-03-19,6.0,False,False,False
5A6,Winona,MS,MS_ASOS,33.465,-89.7302,106.49329,2015-03-23,,True,False,40.1,3602.0,2015-03-23,2026-09-20,6.0,False,True,False
BIX,KEESLER AFB/BILOXI,MS,MS_ASOS,30.4104,-88.9244,10.0,1942-05-09,,True,True,0.0,9299.0,2001-01-02,2026-09-20,21.0,True,True,True
CBM,COLUMBUS AFB,MS,MS_ASOS,33.6438,-88.4438,67.0,1942-03-01,,True,False,60.2,8900.0,2001-01-02,2026-09-20,19.0,True,True,True
CKM,Clarksdale,MS,MS_ASOS,34.2997,-90.5123,52.7,2001-02-15,,True,False,155.3,6870.0,2001-02-15,2026-09-20,14.0,False,True,False
CRX,Corinth,MS,MS_ASOS,34.9208,-88.6071,129.0,2001-03-31,,True,False,140.0,5550.0,2001-03-31,2026-09-20,12.0,True,True,False
DLP,West Delta,GM,MS_ASOS,29.1214,-89.5472,0.0,2010-04-30,2024-02-10,False,False,114.3,,,,,,False,False
GLH,GREENVILLE MUNI,MS,MS_ASOS,33.4829,-90.9856,40.0,1942-01-20,,True,False,131.4,9381.0,2001-01-01,2026-09-20,26.0,True,True,False
GNF,Grenada,MS,MS_ASOS,33.8325,-89.7982,58.33205,2014-03-05,2015-11-16,False,False,81.1,,,,,,False,False
GPT,GULFPORT-BILOXI,MS,MS_ASOS,30.4073,-89.0701,9.0,1935-09-10,,True,True,0.0,9384.0,2001-01-01,2026-09-20,26.0,True,True,True
GTR,GOLDEN TRI(AWOS),MS,MS_ASOS,33.4503,-88.5914,80.0,1977-01-02,,True,False,74.8,9116.0,2001-01-01,2026-09-20,23.0,True,True,True
GWO,GREENWOOD/LEFLORE,MS,MS_ASOS,33.4943,-90.0847,47.0,1943-02-05,,True,False,60.1,9366.0,2001-01-01,2026-09-20,26.0,True,True,True
HBG,HATTIESBURG MUNI,MS,MS_ASOS,31.2649,-89.2529,46.0,1973-01-01,,True,True,0.0,9336.0,2001-01-01,2026-09-20,26.0,True,True,True
HEZ,NATCHEZ/HARDY(AWOS),MS,MS_ASOS,31.6137,-91.2973,83.0,1973-01-02,,True,False,5.1,9229.0,2001-01-01,2026-09-19,23.0,False,True,False
HKS,JACKSON/HAWKINS FIELD,MS,MS_ASOS,32.3348,-90.2225,104.0,1948-07-01,,True,False,9.0,9363.0,2001-01-01,2026-09-20,24.0,True,True,True
HSA,BAY_ST._LOUIS,MS,MS_ASOS,30.3678,-89.4546,7.0,1942-05-01,,True,True,0.0,6882.0,2001-01-01,2026-09-20,16.0,False,True,False
IDL,Indianola,MS,MS_ASOS,33.4857,-90.6789,37.0,1953-05-01,2011-03-14,False,False,105.2,,,,,,False,False
IKT,Nakika,GM,MS_ASOS,28.5208,-88.2889,25.0,2012-10-25,,True,False,187.6,3942.0,2013-01-22,2026-08-29,6.0,False,False,False
JAN,JACKSON/THOMPSON,MS,MS_ASOS,32.32,-90.08,101.0,1942-09-01,,True,False,4.0,9393.0,2001-01-01,2026-09-20,26.0,True,True,True
JVW,Raymond,MS,MS_ASOS,32.3045,-90.4105,75.0,2011-09-30,,True,False,8.8,5148.0,2011-09-30,2026-09-20,8.0,True,True,False
LMS,Louisville - Winston,MS,MS_ASOS,33.1462,-89.0625,174.0,2023-01-12,,True,False,42.4,1346.0,2023-01-12,2026-09-20,3.0,True,True,False
LUL,Laurel,MS,MS_ASOS,31.673,-89.1728,72.77247,2015-05-18,,True,True,0.0,3980.0,2015-05-18,2026-09-20,8.0,True,True,False
M16,Raymond,MS,MS_ASOS,32.3045,-90.4105,75.3,2011-04-02,2011-09-28,False,False,8.8,,,,,,False,False
M40,Aberdeen,MS,MS_ASOS,33.8738,-88.4897,67.64834,2012-01-11,,True,False,69.9,4873.0,2012-01-11,2026-09-20,12.0,True,True,False
MBO,Madison,MS,MS_ASOS,32.4384,-90.1014,99.62559,2015-04-30,,True,False,17.2,3823.0,2015-04-30,2026-09-20,6.0,True,True,False
MCB,MCCOMB/LEWIS FIELD,MS,MS_ASOS,31.18,-90.47,126.0,1948-12-01,,True,True,0.0,9289.0,2001-01-01,2026-09-20,26.0,True,True,True
MEI,MERIDIAN/KEY FIELD,MS,MS_ASOS,32.3348,-88.7511,94.0,1942-03-01,,True,True,0.0,9394.0,2001-01-01,2026-09-20,26.0,True,True,True
MIS,Main Pass 140B,GM,MS_ASOS,29.296,-88.842,32.0,2011-01-05,2022-06-15,False,False,104.7,,,,,,False,False
MJD,Picayune,MS,MS_ASOS,30.4875,-89.6512,16.35223,2020-06-25,,True,True,0.0,1742.0,2020-06-25,2026-05-13,3.0,False,False,False
MPE,Philadelphia,MS,MS_ASOS,32.799,-89.126,137.0,2024-08-22,,True,False,27.2,168.0,2026-04-06,2026-09-20,0.0,False,True,False
MYT,Innovator (GoM),GM,MS_ASOS,28.2206,-89.615,0.0,2010-01-13,2014-02-03,False,False,214.2,,,,,,False,False
NJW,Meridian Range,MS,MS_ASOS,32.7962,-88.8317,162.77052,2005-04-04,,True,False,13.0,2042.0,2005-04-04,2026-09-20,4.0,True,True,False
NMM,MERIDIAN NAS/MCCAIN,MS,MS_ASOS,32.5521,-88.5556,97.0,1961-08-01,,True,True,0.0,9019.0,2001-01-01,2026-09-20,22.0,True,True,True
OLV,Olive Branch,MS,MS_ASOS,34.9788,-89.7869,122.5,1941-10-12,,True,False,206.9,8513.0,2001-06-21,2026-09-20,23.0,True,True,False
PIB,PINE BELT RGNL AWOS,MS,MS_ASOS,31.4671,-89.3371,91.0,1978-12-20,,True,True,0.0,9274.0,2001-01-01,2026-09-20,22.0,True,True,True
PMU,Batesville,MS,MS_ASOS,34.3635,-89.8929,65.71205,2015-10-21,,True,False,140.5,3801.0,2015-10-21,2026-09-20,8.0,True,True,False
PQL,PASCAGOULA,MS,MS_ASOS,30.4636,-88.5319,5.0,1968-09-03,,True,True,0.0,9226.0,2001-01-01,2026-09-20,23.0,True,True,True
RNV,Cleveland,MS,MS_ASOS,33.7611,-90.7579,41.995564,1987-06-29,,True,False,126.8,3980.0,2013-03-19,2026-09-20,8.0,False,True,False
STF,Starkville,MS,MS_ASOS,33.4331,-88.8486,97.25019,2010-09-23,,True,False,74.2,5487.0,2010-09-23,2026-09-19,11.0,True,True,False
TUP,Tupelo,MS,MS_ASOS,34.2622,-88.7713,103.0,1973-01-01,,True,False,113.7,9392.0,2001-01-01,2026-09-20,26.0,True,True,False
UOX,Oxford,MS,MS_ASOS,34.3843,-89.5368,137.8,1973-02-01,,True,False,140.2,6766.0,2001-01-16,2026-09-20,16.0,True,True,False
UTA,TUNICA MUNICIPAL AIRPORT,MS,MS_ASOS,34.6811,-90.3467,59.0,2005-01-01,,True,False,186.2,7673.0,2005-01-01,2026-09-20,18.0,True,True,False
VKS,Vicksburg,MS,MS_ASOS,32.2391,-90.9282,30.116438,2013-05-09,,True,False,24.0,5672.0,2005-02-28,2026-09-20,11.0,True,True,False
0J4,Florala,AL,AL_ASOS,31.0447,-86.3119,91.0,2006-05-11,,True,True,0.0,7075.0,2006-05-11,2026-09-20,16.0,True,True,True
1A9,Prattville,AL,AL_ASOS,32.4387,-86.5127,63.56335,2014-06-17,,True,False,6.5,4350.0,2014-06-17,2026-09-19,10.0,False,True,False
1M4,Haleyville,AL,AL_ASOS,34.2803,-87.6004,284.0,2007-10-31,,True,False,24.1,6728.0,2007-10-31,2026-09-20,17.0,True,True,True
1R8,Bay Minette,AL,AL_ASOS,30.8703,-87.8193,72.02543,2021-10-14,,True,True,0.0,1793.0,2021-10-14,2026-09-20,5.0,True,True,False
3A1,CULLMAN/FOLSOM_FIELD_ARPT,AL,AL_ASOS,34.27,-86.86,294.0,1972-12-31,2013-07-01,False,False,15.6,,,,,,False,False
4A6,Scottsburo,AL,AL_ASOS,34.6887,-86.0059,198.0,2010-11-30,,True,False,59.1,5657.0,2010-11-30,2026-09-20,13.0,True,True,False
4A9,FORT_PAYNE,AL,AL_ASOS,34.4737,-85.7214,267.0,2004-02-28,,True,False,25.2,8087.0,2004-02-28,2026-08-20,22.0,True,False,False
4R4,Fairhope,AL,AL_ASOS,30.4605,-87.877,27.7,2008-09-18,2011-05-25,False,True,0.0,,,,,,False,False
79J,Andalusia,AL,AL_ASOS,31.3061,-86.3902,98.0,1972-12-31,,True,True,0.0,8608.0,2001-02-21,2026-09-20,19.0,True,True,True
8A1,Guntersville,AL,AL_ASOS,34.3996,-86.2682,186.0,2025-08-13,,True,False,31.2,391.0,2025-08-13,2026-09-20,1.0,True,True,False
9A4,Courtland,AL,AL_ASOS,34.6594,-87.3488,179.0,2010-10-18,,True,False,55.0,1520.0,2010-10-18,2026-09-20,2.0,False,True,False
A08,Marion,AL,AL_ASOS,32.5105,-87.3848,62.9503,2015-03-23,2020-10-28,False,False,12.9,,,,,,False,False
ALX,Alexander City,AL,AL_ASOS,32.9143,-85.9613,193.0,2003-05-06,,True,True,0.0,8382.0,2003-05-06,2026-09-20,19.0,False,True,False
ANB,Anniston,AL,AL_ASOS,33.5904,-85.8479,182.0,1948-01-01,,True,True,0.0,9368.0,2001-01-01,2026-09-20,25.0,True,True,True
ASN,Talladega,AL,AL_ASOS,33.5695,-86.0512,155.31592,2014-08-20,,True,True,0.0,3894.0,2014-08-20,2026-09-20,5.0,False,True,False
AUB,AUBURN UNIV. (AM,AL,AL_ASOS,32.6,-85.5,198.0,1991-08-21,2011-05-28,False,True,0.0,,,,,,False,False
AUO,AUBURN-OPELIKA APT,AL,AL_ASOS,32.6151,-85.434,236.0,1992-05-07,,True,True,0.0,8827.0,2001-01-01,2026-09-11,20.0,True,True,True
BFM,MOBILE DOWNTOWN,AL,AL_ASOS,30.6268,-88.0681,8.0,1942-07-01,,True,True,0.0,9117.0,2001-01-01,2026-09-20,24.0,True,True,True
BFZ,Albertville,AL,AL_ASOS,34.2316,-86.2481,317.0,2006-03-15,,True,False,12.5,7373.0,2006-03-15,2026-09-20,16.0,False,True,False
BHM,BIRMINGHAM MUNI,AL,AL_ASOS,33.5655,-86.7449,192.0,1942-08-01,,True,True,0.0,9394.0,2001-01-01,2026-09-20,26.0,True,True,True
CMD,Cullman,AL,AL_ASOS,34.2687,-86.858,289.02383,2013-07-08,,True,False,15.4,4799.0,2013-07-08,2026-09-20,12.0,True,True,False
CQF,Fairhope,AL,AL_ASOS,30.4605,-87.877,27.0,2011-06-06,,True,True,0.0,4761.0,2011-06-06,2026-09-20,9.0,True,True,False
DCU,DECATUR/PRYOR FIELD,AL,AL_ASOS,34.6525,-86.9453,177.0,1996-11-01,,True,False,56.3,9046.0,2001-01-01,2026-09-20,20.0,True,True,True
DHN,DOTHAN MUNICIPAL,AL,AL_ASOS,31.32,-85.45,122.0,1941-12-16,,True,True,0.0,9389.0,2001-01-01,2026-09-20,26.0,True,True,True
DYA,Demopolis,AL,AL_ASOS,32.4638,-87.9541,32.245163,2013-08-17,,True,False,19.2,4274.0,2013-08-17,2026-09-20,5.0,False,True,False
EDN,Enterprise,AL,AL_ASOS,31.2982,-85.9048,104.84666,2014-08-20,,True,True,0.0,3878.0,2014-08-20,2026-09-20,6.0,False,True,False
EET,Alabaster,AL,AL_ASOS,33.1784,-86.7818,172.0,1998-07-01,,True,True,0.0,9128.0,2001-01-01,2026-09-20,24.0,True,True,True
EKY,Bessemer,AL,AL_ASOS,33.3126,-86.9263,213.72552,2016-08-19,,True,True,0.0,3602.0,2016-08-19,2026-09-20,6.0,True,True,False
EUF,Eufaula,AL,AL_ASOS,31.9513,-85.1289,87.0,2008-08-26,,True,True,0.0,6358.0,2007-01-01,2026-09-20,16.0,True,True,True
GAD,GADSDEN MUNI (AWOS),AL,AL_ASOS,33.9726,-86.0891,173.0,1973-01-01,,True,True,0.0,8639.0,2001-01-01,2026-09-20,14.0,False,True,False
GZH,EVERGREEN,AL,AL_ASOS,31.4158,-87.0441,79.0,1993-11-15,,True,True,0.0,9102.0,2001-01-01,2026-09-20,23.0,True,True,True
HDL,Headland,AL,AL_ASOS,31.3641,-85.3125,108.0,2021-10-14,2025-04-07,False,True,0.0,,,,,,False,False
HEY,Fort Rucker,AL,AL_ASOS,31.346,-85.6543,97.0,2007-02-22,,True,True,0.0,6459.0,2007-01-01,2026-09-20,16.0,False,True,False
HSV,HUNTSVILLE/MADISON,AL,AL_ASOS,34.6439,-86.7861,196.0,1958-09-01,,True,False,51.4,9394.0,2001-01-01,2026-09-20,26.0,True,True,True
HUA,REDSTONE ARSENAL,AL,AL_ASOS,34.6786,-86.6848,209.0,2004-08-11,,True,False,54.4,6544.0,2004-08-11,2026-09-20,7.0,False,True,False
JFX,Manchester,AL,AL_ASOS,33.902,-87.3142,147.0,2011-02-07,,True,True,0.0,5371.0,2011-02-07,2026-09-20,9.0,False,True,False
JKA,Gulf Shores,AL,AL_ASOS,30.2905,-87.6718,4.9,2006-03-14,,True,True,0.0,7052.0,2006-03-14,2026-09-20,17.0,True,True,True
LOR,LOWE AHP/FT. RUCKER,AL,AL_ASOS,31.3558,-85.7511,74.0,1989-07-14,,True,True,0.0,6457.0,2008-07-17,2026-09-20,12.0,False,True,False
MDQ,HUNTSVILLE/MADISON COUNTY EXEC,AL,AL_ASOS,34.86,-86.56,230.0,2002-04-22,,True,False,75.0,8880.0,2002-04-22,2026-09-20,23.0,True,True,True
MGM,MONTGOMERY/DANNELLY,AL,AL_ASOS,32.3006,-86.394,62.0,1948-01-01,,True,False,24.6,9392.0,2001-01-01,2026-09-20,26.0,True,True,True
MOB,MOBILE/BATES FIELD,AL,AL_ASOS,30.6883,-88.2456,67.0,1948-01-01,,True,True,0.0,9394.0,2001-01-01,2026-09-20,26.0,True,True,True
MSL,MUSCLE SHOALS RGNL,AL,AL_ASOS,34.7438,-87.5996,168.0,1948-12-01,,True,False,68.4,9386.0,2001-01-01,2026-09-20,26.0,True,True,True
MXF,MAXWELL AFB/MONTGOM,AL,AL_ASOS,32.3829,-86.3658,51.0,1935-10-01,,True,False,17.8,9256.0,2001-01-02,2026-09-20,17.0,True,True,True
NBJ,Foley,AL,AL_ASOS,30.3891,-87.6353,15.187012,2005-05-13,,True,True,0.0,126.0,2005-05-13,2026-09-20,0.0,False,True,False
OZR,CAIRNS AAF/OZARK,AL,AL_ASOS,31.2758,-85.7134,91.0,1954-10-19,,True,True,0.0,9286.0,2001-01-02,2026-09-20,25.0,True,True,True
PLR,Pell City,AL,AL_ASOS,33.5588,-86.2491,144.6858,2016-07-27,,True,True,0.0,3664.0,2016-07-27,2026-09-20,6.0,False,True,False
PRN,Greenville,AL,AL_ASOS,31.8457,-86.6108,137.5,2001-08-23,,True,True,0.0,7212.0,2001-08-23,2026-09-20,15.0,True,True,True
RAM,PHI OIL PLAT,GM,AL_ASOS,29.05,-88.0833,10.0,2005-02-16,2011-11-07,False,False,129.8,,,,,,False,False
SCD,Sylacauga,AL,AL_ASOS,33.1718,-86.3055,170.50438,2014-11-05,,True,True,0.0,4269.0,2014-11-05,2026-09-20,10.0,True,True,False
SEM,Selma,AL,AL_ASOS,32.3439,-86.9878,44.254955,1941-07-01,,True,True,0.0,4441.0,2014-01-10,2026-09-20,10.0,True,True,False
SXS,Shell AHP,AL,AL_ASOS,31.3612,-85.8549,122.25867,2014-05-20,,True,True,0.0,4179.0,2014-05-20,2026-09-20,7.0,True,True,False
TCL,TUSCALOOSA MUNI,AL,AL_ASOS,33.2119,-87.6161,52.0,1949-01-01,,True,True,0.0,9380.0,2001-01-01,2026-09-20,25.0,True,True,True
TOI,TROY MUNICIPAL,AL,AL_ASOS,31.8604,-86.0121,121.0,1969-04-09,,True,True,0.0,9106.0,2001-01-01,2026-09-20,23.0,True,True,True
16J,Dawson,GA,GA_ASOS,31.7433,-84.4193,96.0,2025-06-20,,True,True,0.0,458.0,2025-06-20,2026-09-20,1.0,True,True,False
17J,Donalsonville,GA,GA_ASOS,31.007,-84.8776,47.24814,2018-02-06,,True,True,0.0,2778.0,2018-02-06,2026-08-27,4.0,False,False,False
18A,Canon,GA,GA_ASOS,34.3404,-83.1308,258.54953,2015-04-07,,True,False,89.4,4010.0,2015-04-07,2026-09-20,7.0,True,True,False
19A,Jackson County Airport,GA,GA_ASOS,34.1759,-83.5616,290.0,2011-09-27,2016-02-08,False,False,88.6,,,,,,False,False
2J3,Louisville,GA,GA_ASOS,32.9865,-82.3857,97.598885,2018-02-06,2023-11-10,False,True,0.0,,,,,,False,False
2J5,Millen,GA,GA_ASOS,32.8935,-81.9654,67.51578,2019-01-23,,True,True,0.0,2600.0,2019-01-23,2026-09-06,5.0,False,True,False
3J7,Greensboro,GA,GA_ASOS,33.5977,-83.139,206.0,2005-04-19,2023-05-03,False,False,24.5,,,,,,False,False
47A,CANTON/CHEROKEE_CNTY_ARPT,GA,GA_ASOS,34.3106,-84.4239,372.0,2004-03-31,2011-10-03,False,False,21.5,,,,,,False,False
48A,Cochran,GA,GA_ASOS,32.3994,-83.2759,100.19532,2019-01-23,,True,True,0.0,2791.0,2019-01-23,2026-09-20,6.0,True,True,False
49A,Ellijay,GA,GA_ASOS,34.6301,-84.5271,444.8425,2015-04-08,,True,False,42.1,3312.0,2017-07-06,2026-09-20,7.0,True,True,False
4A7,Hampton,GA,GA_ASOS,33.3891,-84.3324,257.57394,2015-05-14,2016-10-10,False,False,29.9,,,,,,False,False
5A9,Warm Springs,GA,GA_ASOS,32.9385,-84.6964,265.0,2024-07-17,,True,True,0.0,754.0,2024-07-17,2026-08-11,2.0,True,False,False
6A1,Butler,GA,GA_ASOS,32.5674,-84.2507,203.0,2011-10-21,,True,True,0.0,4122.0,2011-10-21,2026-09-20,7.0,False,True,False
6A2,Spalding,GA,GA_ASOS,33.227,-84.2749,292.0,2011-11-19,,True,False,16.2,5062.0,2011-11-19,2026-09-20,9.0,False,True,False
9A1,Covington,GA,GA_ASOS,33.6325,-83.8496,242.0,2010-09-01,2013-10-23,False,False,56.0,,,,,,False,False
9A5,LaFayette,GA,GA_ASOS,34.6885,-85.2903,236.01266,2015-04-08,,True,False,36.3,3493.0,2015-04-08,2026-09-20,5.0,False,True,False
ABY,ALBANY MUNICIPAL,GA,GA_ASOS,31.5355,-84.1945,59.0,1948-01-01,,True,True,0.0,9389.0,2001-01-01,2026-09-20,26.0,True,True,True
ACJ,Americus,GA,GA_ASOS,32.1108,-84.1889,143.0,2011-07-12,,True,True,0.0,5407.0,2011-07-12,2026-09-20,11.0,False,True,False
AGS,AUGUSTA/BUSH FIELD,GA,GA_ASOS,33.3699,-81.9645,45.0,1947-12-31,,True,True,0.0,9390.0,2001-01-01,2026-09-20,26.0,True,True,True
AHN,ATHENS MUNICIPAL,GA,GA_ASOS,33.9486,-83.3264,247.0,1955-09-01,,True,False,64.3,9393.0,2001-01-01,2026-09-20,26.0,True,True,True
AJR,Cornelia,GA,GA_ASOS,34.4998,-83.5567,434.79443,2015-04-08,,True,False,99.4,4107.0,2015-04-08,2026-09-20,8.0,True,True,False
AMG,ALMA/BACON CO.,GA,GA_ASOS,31.5361,-82.5066,61.0,1948-12-31,,True,True,0.0,9390.0,2001-01-01,2026-09-19,26.0,True,True,True
ATL,ATLANTA INTL ARPT,GA,GA_ASOS,33.6301,-84.4418,315.0,1945-01-01,,True,False,28.4,9394.0,2001-01-01,2026-09-20,26.0,True,True,True
AYS,WAYCROSS/WARE CO.,GA,GA_ASOS,31.2491,-82.3955,46.0,1942-12-01,,True,True,0.0,9185.0,2001-01-01,2026-09-20,25.0,True,True,True
AZE,Hazlehurst,GA,GA_ASOS,31.8847,-82.6474,79.09521,2012-07-06,,True,True,0.0,4743.0,2012-07-06,2026-07-25,11.0,False,False,False
BGE,BAINBRIDGE/DECATUR COUNTY INDUS,GA,GA_ASOS,30.9716,-84.6369,43.0,2002-06-03,,True,True,0.0,8736.0,2002-06-03,2026-09-20,23.0,True,True,True
BHC,Baxley,GA,GA_ASOS,31.7138,-82.3938,64.042046,2014-01-18,,True,True,0.0,4137.0,2014-01-18,2026-02-02,9.0,False,False,False
BIJ,BLAKELY,GA,GA_ASOS,31.3975,-84.8948,65.0,2004-06-21,,True,True,0.0,7594.0,2004-06-21,2026-09-20,17.0,False,True,False
BQK,BRUNSWICK/GLYNCO,GA,GA_ASOS,31.2588,-81.4665,8.0,1972-12-31,,True,True,0.0,9358.0,2001-01-01,2026-09-20,26.0,True,True,True
CCO,NEWNAN COWETA COUNTY AIRPORT,GA,GA_ASOS,33.31,-84.77,296.0,1998-05-31,,True,False,15.0,8560.0,2001-01-01,2026-09-20,18.0,False,True,False
CKF,Cordele,GA,GA_ASOS,31.9888,-83.7739,93.437004,2012-09-13,,True,True,0.0,4957.0,2012-09-13,2026-09-20,10.0,False,True,False
CNI,Cherokee County,GA,GA_ASOS,34.3106,-84.4239,372.0,2004-05-25,,True,False,21.5,8028.0,2004-05-25,2026-09-20,18.0,True,True,True
CPP,Greensboro,GA,GA_ASOS,33.598,-83.1382,215.0,2023-05-18,,True,False,24.6,1220.0,2023-05-18,2026-09-20,3.0,True,True,False
CSG,COLUMBUS METRO ARPT,GA,GA_ASOS,32.5161,-84.9422,121.0,1947-12-31,,True,True,0.0,9394.0,2001-01-01,2026-09-20,26.0,True,True,True
CTJ,Carrollton,GA,GA_ASOS,33.6317,-85.1523,353.9,2010-01-29,,True,True,0.0,5811.0,2010-01-29,2026-09-20,10.0,False,True,False
CVC,Covington,GA,GA_ASOS,33.6323,-83.8474,238.558,2013-12-12,,True,False,55.9,4520.0,2013-12-12,2026-09-20,10.0,True,True,False
CWV,Claxton,GA,GA_ASOS,32.1951,-81.8696,34.0,2007-10-19,,True,True,0.0,6374.0,2007-10-19,2026-09-20,14.0,True,True,False
CXU,Camilla,GA,GA_ASOS,31.2132,-84.2352,51.806652,2015-04-02,,True,True,0.0,3861.0,2015-04-02,2026-09-20,6.0,True,True,False
CZL,Calhoun,GA,GA_ASOS,34.4554,-84.9392,193.82632,2015-04-08,,True,False,10.5,3863.0,2015-04-08,2026-09-20,5.0,True,True,False
D73,Monroe,GA,GA_ASOS,33.7825,-83.6928,256.9343,2018-02-06,,True,False,57.4,2978.0,2018-02-06,2026-09-20,4.0,False,True,False
DBN,Dublin,GA,GA_ASOS,32.5644,-82.9853,94.0,2005-06-08,,True,True,0.0,7575.0,2005-06-08,2026-09-20,20.0,True,True,True
DNL,Augusta,GA,GA_ASOS,33.4668,-82.0385,125.0,1996-07-01,,True,True,0.0,9345.0,2001-01-01,2026-09-20,24.0,False,True,False
DNN,DALTON MUNI AIRPORT,GA,GA_ASOS,34.72,-84.87,216.0,1998-05-31,,True,False,40.4,9162.0,2001-01-01,2026-09-20,23.0,True,True,True
DQH,DOUGLAS_MUNI_ARPT,GA,GA_ASOS,31.4767,-82.8606,78.0,2003-12-01,,True,True,0.0,8143.0,2003-12-01,2026-09-20,18.0,True,True,True
DZJ,Blairsville,GA,GA_ASOS,34.8544,-83.9973,582.0,2008-10-06,,True,False,91.8,3724.0,2008-10-06,2026-09-20,8.0,True,True,False
EBA,Elberton,GA,GA_ASOS,34.0954,-82.8175,180.63292,2003-05-12,,True,False,50.9,3843.0,2003-05-12,2026-09-20,8.0,True,True,False
EZM,Eastman,GA,GA_ASOS,32.2164,-83.1287,93.0,2011-10-21,,True,True,0.0,5434.0,2011-10-21,2026-09-20,14.0,True,True,False
FFC,PEACHTREE CITY,GA,GA_ASOS,33.3553,-84.5669,264.0,1996-01-31,,True,False,20.6,9385.0,2001-01-01,2026-09-20,26.0,True,True,True
FTY,ATLANTA/FULTON CO.,GA,GA_ASOS,33.78,-84.52,256.0,1972-12-31,,True,False,11.1,9388.0,2001-01-01,2026-09-20,25.0,True,True,True
FZG,Fitzgerald,GA,GA_ASOS,31.6839,-83.2709,104.145485,2012-06-21,,True,True,0.0,5169.0,2012-06-21,2026-09-20,14.0,True,True,False
GVL,GAINSVILLE,GA,GA_ASOS,34.2719,-83.8303,38.0,1996-07-01,,True,False,67.0,9340.0,2001-01-01,2026-09-20,26.0,True,True,True
HMP,Hampton,GA,GA_ASOS,33.3899,-84.331,256.7249,2016-11-08,,True,False,30.0,3379.0,2016-11-08,2026-09-20,7.0,True,True,False
HOE,Homerville,GA,GA_ASOS,31.0559,-82.7741,56.7,2007-01-24,,True,True,0.0,6700.0,2007-01-24,2026-06-30,13.0,True,False,False
HQU,THOMSON,GA,GA_ASOS,33.5297,-82.5164,152.0,2003-06-20,,True,False,6.8,8325.0,2003-06-20,2026-09-20,21.0,True,True,True
IIY,Washington,GA,GA_ASOS,33.7794,-82.8158,191.41869,2002-01-17,,True,False,35.4,5713.0,2002-01-17,2026-09-20,14.0,True,True,False
JCA,Jefferson,GA,GA_ASOS,34.1739,-83.5583,283.64853,2016-04-29,,True,False,88.8,3780.0,2016-04-29,2026-09-20,9.0,True,True,False
JES,Jesup,GA,GA_ASOS,31.554,-81.8825,32.6,2010-05-13,,True,True,0.0,5850.0,2010-05-13,2026-09-20,15.0,True,True,True
JYL,SYLVANIA,GA,GA_ASOS,32.6453,-81.5971,57.0,2004-01-31,,True,True,0.0,7489.0,2004-02-01,2026-09-20,18.0,True,True,True
JZP,Jasper,GA,GA_ASOS,34.4535,-84.4572,457.98755,2015-04-08,,True,False,30.9,3547.0,2015-04-08,2025-07-28,5.0,False,False,False
LGC,LA_GRANGE,GA,GA_ASOS,33.0089,-85.0726,211.0,2000-06-23,,True,True,0.0,9117.0,2001-01-01,2026-09-20,21.0,False,True,False
LHW,FT STEWART/WRIGHT,GA,GA_ASOS,31.8891,-81.5623,14.0,1967-02-01,,True,True,0.0,8645.0,2001-01-03,2026-09-20,19.0,True,True,True
LSF,FORT BENNING,GA,GA_ASOS,32.3373,-84.9913,71.0,1939-05-01,,True,True,0.0,9200.0,2001-01-01,2026-09-20,24.0,True,True,True
LZU,LAWRENCEVILLE,GA,GA_ASOS,33.9781,-83.9624,323.0,2000-09-12,,True,False,51.5,9246.0,2001-01-01,2026-09-20,20.0,False,True,False
MCN,MACON/LEWIS WILSON,GA,GA_ASOS,32.6928,-83.6492,110.0,1941-10-19,,True,True,0.0,9391.0,2001-01-01,2026-09-20,26.0,True,True,True
MGE,DOBBINS AFB/MARIETT,GA,GA_ASOS,33.9153,-84.5163,326.0,1946-09-01,,True,False,3.0,9357.0,2001-01-01,2026-09-20,23.0,True,True,True
MGR,MOULTRIE,GA,GA_ASOS,31.0849,-83.8032,90.0,1951-10-01,,True,True,0.0,8120.0,2004-01-09,2026-09-20,19.0,False,True,False
MHP,Metter,GA,GA_ASOS,32.3739,-82.081,58.887756,2019-11-04,,True,True,0.0,2407.0,2019-11-04,2026-09-20,4.0,False,True,False
MLJ,Milledgeville,GA,GA_ASOS,33.1542,-83.2407,117.0,2005-04-21,,True,True,0.0,7374.0,2005-04-21,2026-09-20,17.0,True,True,True
MQW,Mc Rae,GA,GA_ASOS,32.0969,-82.8794,60.0,2022-02-07,,True,True,0.0,914.0,2022-02-07,2026-09-20,0.0,False,True,False
MUL,MOULTRIE/SPENCE,GA,GA_ASOS,31.1377,-83.7041,89.0,2004-01-31,2004-11-12,False,True,0.0,,,,,,False,False
OKZ,Sandersville,GA,GA_ASOS,32.9667,-82.8382,128.72356,2014-07-15,2024-10-12,False,True,0.0,,,,,,False,False
OPN,THOMASTON,GA,GA_ASOS,32.954,-84.2594,243.0,2000-10-04,,True,True,0.0,9150.0,2001-01-01,2026-09-20,24.0,False,True,False
PDK,ATLANTA/DEKALB,GA,GA_ASOS,33.8756,-84.302,305.0,1981-08-01,,True,False,23.2,9394.0,2001-01-01,2026-09-20,26.0,True,True,True
PIM,Pine Mountain,GA,GA_ASOS,32.8407,-84.8824,272.0958,2016-05-22,,True,True,0.0,3441.0,2016-05-22,2026-09-20,8.0,True,True,False
PUJ,Dallas,GA,GA_ASOS,33.912,-84.9406,393.0,2011-05-26,,True,True,0.0,5296.0,2011-05-26,2026-09-20,12.0,True,True,False
PXE,Perry,GA,GA_ASOS,32.5106,-83.7673,125.39239,2014-07-08,,True,True,0.0,4189.0,2014-07-08,2026-09-20,9.0,True,True,False
RMG,ROME/RUSSELL(RAMOS),GA,GA_ASOS,34.3478,-85.1611,196.0,1947-12-31,,True,True,0.0,9079.0,2001-01-01,2026-09-20,24.0,True,True,True
RVJ,Reidsville,GA,GA_ASOS,32.0595,-82.1536,57.213497,2021-02-23,,True,True,0.0,1991.0,2021-02-23,2026-09-20,5.0,True,True,False
RYY,MARIETTA,GA,GA_ASOS,34.0131,-84.5986,317.0,2000-09-12,,True,True,0.0,9251.0,2001-01-01,2026-09-20,21.0,True,True,True
SAV,Savannah - Hilton Head,GA,GA_ASOS,32.1314,-81.2023,9.0,1947-12-31,,True,True,0.0,9394.0,2001-01-01,2026-09-20,26.0,True,True,True
SBO,Swainsboro,GA,GA_ASOS,32.6091,-82.3699,327.0,2011-07-04,,True,True,0.0,5326.0,2011-07-04,2026-09-20,12.0,False,True,False
SSI,BRUNSWICK/MALCOLM,GA,GA_ASOS,31.1522,-81.3908,6.0,1930-06-01,,True,True,0.0,9391.0,2001-01-01,2026-09-20,26.0,True,True,True
SVN,HUNTER (AAF),GA,GA_ASOS,32.01,-81.146,13.0,1944-03-01,,True,True,0.0,9368.0,2001-01-02,2026-09-20,24.0,True,True,True
TBR,STATESBORO/BULLOCH CO,GA,GA_ASOS,32.4827,-81.7369,57.0,2001-06-21,,True,True,0.0,9083.0,2001-06-21,2026-09-20,20.0,False,True,False
TMA,Tifton,GA,GA_ASOS,31.429,-83.4885,108.2,2004-01-31,,True,True,0.0,5645.0,2004-02-01,2026-09-20,13.0,True,True,False
TOC,Toccoa,GA,GA_ASOS,34.5928,-83.2964,295.5283,2012-06-08,,True,False,117.6,5174.0,2012-06-08,2026-09-20,13.0,True,True,False
TVI,Thomasville,GA,GA_ASOS,30.9018,-83.8811,80.0,2010-06-10,,True,True,0.0,5919.0,2010-06-10,2026-09-20,16.0,True,True,True
VAD,MOODY AFB/VALDOSTA,GA,GA_ASOS,30.9678,-83.193,71.0,1942-04-01,,True,True,0.0,9005.0,2001-01-02,2026-09-20,18.0,True,True,True
VDI,VIDALIA MUNI AIRPORT,GA,GA_ASOS,32.19,-82.37,84.0,1999-01-31,,True,True,0.0,9291.0,2001-01-01,2026-09-20,25.0,True,True,True
VLD,VALDOSTA REGIONAL,GA,GA_ASOS,30.7825,-83.2767,62.0,1947-12-31,,True,True,0.0,9362.0,2001-01-01,2026-09-20,25.0,False,True,False
VPC,CARTERSVILLE AIRPORT,GA,GA_ASOS,34.1232,-84.8487,233.0,2000-03-22,,True,True,0.0,9369.0,2001-01-01,2026-09-20,25.0,True,True,True
WDR,WINDER,GA,GA_ASOS,33.9829,-83.6674,287.0,2000-10-20,,True,False,75.5,9255.0,2001-01-01,2026-09-20,25.0,True,True,True
WRB,WARNER ROBINS AFB,GA,GA_ASOS,32.6401,-83.5918,90.0,1942-08-06,,True,True,0.0,9350.0,2001-01-01,2026-09-20,23.0,True,True,True
1J0,Tri County,FL,FL_ASOS,30.8458,-85.6014,26.0,2011-07-12,2025-03-08,False,True,0.0,,,,,,False,False
24J,Live Oak,FL,FL_ASOS,30.3001,-83.0247,35.94818,2014-02-25,,True,True,0.0,4430.0,2014-02-24,2026-09-20,8.0,False,True,False
28J,Palatka,FL,FL_ASOS,29.6586,-81.6889,9.363473,2013-12-12,,True,True,0.0,4072.0,2013-12-12,2026-09-20,10.0,False,True,False
2IS,Clewiston,FL,FL_ASOS,26.7339,-81.0468,8.316562,2019-10-11,,True,False,35.0,2061.0,2019-10-11,2026-04-08,4.0,False,False,False
2J9,Quincy,FL,FL_ASOS,30.5979,-84.5574,69.0,2011-05-21,,True,True,0.0,5201.0,2011-05-21,2026-09-20,13.0,True,True,False
42J,Keystone Heights,FL,FL_ASOS,29.8448,-82.0475,60.0,1943-12-10,,True,True,0.0,5459.0,2011-03-12,2026-09-20,12.0,True,True,False
54A,Coral Creek,FL,FL_ASOS,26.8537,-82.2526,1.0,2018-02-01,,True,True,0.0,2942.0,2018-02-01,2026-09-20,6.0,True,True,False
54J,DeFuniak,FL,FL_ASOS,30.7311,-86.1538,85.669975,2013-04-30,,True,True,0.0,4811.0,2013-04-30,2026-09-20,10.0,True,True,False
AAF,APALACHICOLA MUNI (ASOS),FL,FL_ASOS,29.7276,-85.0274,6.0,1945-01-01,,True,True,0.0,9298.0,2001-01-01,2026-09-20,23.0,True,True,True
AGR,MacGill AFB,FL,FL_ASOS,27.6478,-81.3415,20.0,2022-09-22,,True,True,0.0,140.0,2022-09-22,2026-09-20,0.0,False,True,False
APF,NAPLES MUNICIPAL,FL,FL_ASOS,26.1525,-81.7753,3.0,1943-12-29,,True,False,58.1,9379.0,2001-01-01,2026-09-20,26.0,True,True,True
BCR,Tri-County,FL,FL_ASOS,30.8438,-85.6017,25.649832,2006-08-31,,True,True,0.0,6471.0,2006-08-31,2026-09-20,13.0,True,True,False
BCT,BOCA RATON AIRPORT,FL,FL_ASOS,26.38,-80.11,4.0,1942-12-01,,True,False,133.2,8491.0,2001-01-01,2026-09-20,20.0,True,True,False
BKV,BROOKSVILLE (ASOS),FL,FL_ASOS,28.4736,-82.4554,20.0,1943-12-07,,True,True,0.0,9386.0,2001-01-01,2026-09-20,26.0,True,True,True
BOW,Bartow,FL,FL_ASOS,27.9434,-81.7834,38.1,1944-04-15,,True,True,0.0,9204.0,2001-01-01,2026-09-20,23.0,True,True,True
CEW,CRESTVIEW/BOB SIKES,FL,FL_ASOS,30.78,-86.52,65.0,1940-06-01,,True,True,0.0,9381.0,2001-01-01,2026-09-20,25.0,True,True,True
CGC,Crystal River,FL,FL_ASOS,28.8673,-82.5713,2.7,2009-08-12,,True,True,0.0,6080.0,2009-08-12,2026-09-20,14.0,True,True,False
CLW,Clearwater Air Park,FL,FL_ASOS,27.9742,-82.7563,23.233936,2014-08-14,,True,True,0.0,4385.0,2014-08-14,2026-09-20,10.0,False,True,False
COF,PATRICK AFB/COCOA B,FL,FL_ASOS,28.235,-80.61,3.0,1945-03-01,,True,False,29.5,9320.0,2001-01-02,2026-09-20,19.0,True,True,True
COI,Merritt Island,FL,FL_ASOS,28.3416,-80.6855,1.0,2025-08-27,,True,False,24.7,134.0,2025-08-27,2026-09-20,0.0,False,True,False
CRG,JACKSONVILLE/CRAIG,FL,FL_ASOS,30.3361,-81.5147,12.0,1974-08-21,,True,True,0.0,9394.0,2001-01-01,2026-09-20,26.0,True,True,True
CTY,Cross City,FL,FL_ASOS,29.6355,-83.1048,13.0,1943-12-19,,True,True,0.0,9097.0,2001-01-01,2026-09-01,21.0,True,False,False
DAB,DAYTONA BEACH RGNL,FL,FL_ASOS,29.1799,-81.0581,11.0,1943-05-01,,True,True,0.0,9394.0,2001-01-01,2026-09-20,26.0,True,True,True
DED,DeLand,FL,FL_ASOS,29.067,-81.2838,21.266401,2012-02-09,,True,True,0.0,5132.0,2012-02-09,2026-09-20,12.0,True,True,False
DJT,WEST PALM BEACH,FL,FL_ASOS,26.6847,-80.0994,6.0,1938-07-01,,True,False,106.0,9394.0,2001-01-01,2026-09-20,26.0,True,True,False
DTS,Destin - Fort Walton Beach,FL,FL_ASOS,30.3934,-86.4674,7.3086386,1996-12-01,,True,True,0.0,9378.0,2001-01-01,2026-09-20,25.0,True,True,True
ECP,Panama City,FL,FL_ASOS,30.3582,-85.7956,69.0,2010-05-23,,True,True,0.0,5961.0,2010-05-23,2026-09-20,16.0,True,True,True
EGI,DUKE FLD/EGLIN,FL,FL_ASOS,30.6503,-86.5229,59.0,1949-09-08,,True,True,0.0,8732.0,2001-01-02,2026-09-20,18.0,True,True,True
EVB,NEW SMYRNA BEACH MUNI,FL,FL_ASOS,29.0557,-80.9489,3.0,2004-11-04,,True,False,2.9,7685.0,2004-11-04,2026-09-20,21.0,True,True,True
F45,West Palm Beach,FL,FL_ASOS,26.8459,-80.2223,8.885464,2018-02-02,,True,False,84.4,2558.0,2018-02-02,2026-09-20,4.0,True,True,False
F95,Blountstown,FL,FL_ASOS,30.487,-85.1138,35.0,2024-06-03,,True,True,0.0,719.0,2024-06-03,2026-09-20,1.0,True,True,False
FHB,Fernandina Beach,FL,FL_ASOS,30.6118,-81.4612,5.0,2011-04-28,,True,True,0.0,5308.0,2011-04-28,2026-09-20,12.0,False,True,False
FIN,Bunnell,FL,FL_ASOS,29.4657,-81.2087,5.5299377,2014-07-31,,True,True,0.0,4135.0,2014-07-31,2026-09-20,10.0,True,True,False
FLL,Fort Lauderdale - Hollywood,FL,FL_ASOS,26.0787,-80.1622,1.0,1945-12-31,,True,False,149.6,9393.0,2001-01-01,2026-09-20,26.0,True,True,False
FMY,FORT MYERS/PAGE FLD,FL,FL_ASOS,26.585,-81.8614,5.0,1919-08-01,,True,False,14.2,9391.0,2001-01-01,2026-09-20,26.0,True,True,True
FPR,FT PIERCE/ST LUCIE,FL,FL_ASOS,27.4981,-80.3767,7.0,1988-01-14,,True,False,36.1,9387.0,2001-01-01,2026-09-20,26.0,True,True,True
FPY,Perry,FL,FL_ASOS,30.0708,-83.5815,18.982101,1998-02-28,,True,True,0.0,5288.0,2001-01-01,2026-09-20,13.0,True,True,False
FXE,FORT LAUDERDALE,FL,FL_ASOS,26.2,-80.17,4.0,1984-09-08,,True,False,140.5,9324.0,2001-01-01,2026-09-20,26.0,True,True,False
GIF,WINTER HAVEN (ASOS),FL,FL_ASOS,28.0629,-81.7533,44.0,1996-07-01,,True,True,0.0,9302.0,2001-01-01,2026-09-20,25.0,True,True,True
GNV,GAINESVILLE RGNL,FL,FL_ASOS,29.6917,-82.276,46.0,1943-11-01,,True,True,0.0,9394.0,2001-01-01,2026-09-20,26.0,True,True,True
HEG,Jacksonville - Herlong,FL,FL_ASOS,30.2778,-81.8059,25.0,2019-05-25,,True,True,0.0,3110.0,2005-07-02,2026-09-20,7.0,True,True,False
HRT,HURLBURT FIELD (AF),FL,FL_ASOS,30.4278,-86.6893,12.0,1955-07-05,,True,True,0.0,9339.0,2001-01-01,2026-09-20,22.0,True,True,True
HWO,HOLLYWOOD/N. PERRY,FL,FL_ASOS,25.9996,-80.2412,3.0,1999-04-30,,True,False,149.5,9301.0,2001-01-01,2026-09-20,24.0,False,True,False
IMM,Immokalee Auxiliary,FL,FL_ASOS,26.4332,-81.401,14.007797,2013-10-16,,True,False,41.8,3232.0,2013-10-16,2025-12-28,5.0,False,False,False
INF,Inverness,FL,FL_ASOS,28.8036,-82.3182,15.732533,2009-08-12,,True,True,0.0,6070.0,2009-08-12,2026-09-20,16.0,True,True,True
ISM,KISSIMMEE MUNI AIRPORT/ORLANDO,FL,FL_ASOS,28.29,-81.44,25.0,1944-03-01,,True,True,0.0,9291.0,2001-01-01,2026-09-20,24.0,True,True,True
JAX,Jacksonville Intl,FL,FL_ASOS,30.4941,-81.6879,6.0,1930-10-31,,True,True,0.0,9394.0,2001-01-01,2026-09-20,26.0,True,True,True
LAL,LAKELAND REGIONAL,FL,FL_ASOS,27.9889,-82.0186,43.0,1942-08-01,,True,True,0.0,9387.0,2001-01-01,2026-09-20,25.0,True,True,True
LCQ,Lake City,FL,FL_ASOS,30.1821,-82.5769,57.0,1945-05-01,,True,True,0.0,4475.0,2014-05-28,2026-09-20,12.0,True,True,False
LEE,LEESBURG MUNICIPAL AIRPORT,FL,FL_ASOS,28.82,-81.81,24.0,1943-12-21,,True,True,0.0,9392.0,2001-01-01,2026-09-20,26.0,True,True,True
LNA,Lantana,FL,FL_ASOS,26.5925,-80.0848,8.123995,2017-04-27,,True,False,115.0,2872.0,2017-04-27,2026-09-20,4.0,False,True,False
MAI,MARIANA,FL,FL_ASOS,30.8356,-85.1839,34.0,1950-01-01,,True,True,0.0,9350.0,2001-01-01,2026-09-20,26.0,True,True,True
MCF,MACDILL AFB/TAMPA,FL,FL_ASOS,27.85,-82.52,4.0,1941-05-01,,True,True,0.0,9365.0,2001-01-03,2026-09-20,25.0,True,True,True
MCO,Orlando International,FL,FL_ASOS,28.4294,-81.309,32.0,1952-05-07,,True,True,0.0,9394.0,2001-01-01,2026-09-20,26.0,True,True,True
MKY,Marco Island,FL,FL_ASOS,25.995,-81.6725,4.515613,2013-05-13,,True,False,78.3,4153.0,2012-07-26,2026-09-20,8.0,True,True,False
MLB,MELBOURNE REGIONAL,FL,FL_ASOS,28.1028,-80.6453,11.0,1928-01-01,,True,False,24.2,9394.0,2001-01-01,2026-09-20,26.0,True,True,True
NDZ,Milton,FL,FL_ASOS,30.7044,-87.0231,54.0,2005-05-17,,True,True,0.0,7163.0,2006-12-27,2026-09-20,20.0,True,True,True
NEN,Jacksonville - Whitehouse,FL,FL_ASOS,30.3495,-81.867,25.753742,2007-06-01,,True,True,0.0,5843.0,2007-06-01,2026-09-20,8.0,True,True,False
NFJ,Choctaw,FL,FL_ASOS,30.5069,-86.9597,30.99748,2005-05-11,,True,True,0.0,5616.0,2005-05-11,2026-09-18,8.0,False,True,False
NIP,JACKSONVILLE NAS,FL,FL_ASOS,30.2342,-81.6747,7.0,1945-01-01,,True,True,0.0,9379.0,2001-01-01,2026-09-20,25.0,True,True,True
NPA,PENSACOLA NAS,FL,FL_ASOS,30.3533,-87.318,9.0,1945-02-01,,True,True,0.0,9337.0,2001-01-01,2026-09-20,21.0,True,True,True
NRB,MAYPORT NS,FL,FL_ASOS,30.3914,-81.4245,5.0,1955-07-05,,True,True,0.0,9233.0,2001-01-02,2026-09-18,22.0,True,True,True
NSE,WHITING FLD NAS-N.,FL,FL_ASOS,30.7242,-87.0219,61.0,1945-02-01,,True,True,0.0,8809.0,2001-01-01,2026-09-20,20.0,True,True,True
OBE,Okeechobee,FL,FL_ASOS,27.2628,-80.8498,10.4,2006-12-11,,True,False,14.1,6967.0,2006-12-11,2026-09-20,17.0,True,True,True
OCF,Ocala,FL,FL_ASOS,29.1636,-82.221,28.281782,1944-01-07,,True,True,0.0,9339.0,2001-01-01,2026-09-20,26.0,True,True,True
OMN,ORMOND BEACH MUNI,FL,FL_ASOS,29.3006,-81.1136,9.0,2004-10-05,,True,True,0.0,7711.0,2004-10-05,2026-09-20,19.0,True,True,True
OPF,MIAMI/OPA LOCKA,FL,FL_ASOS,25.9102,-80.2828,3.0,1952-12-31,,True,False,153.0,9369.0,2001-01-01,2026-09-20,25.0,True,True,False
ORL,ORLANDO/HERNDON,FL,FL_ASOS,28.5455,-81.3329,34.0,1929-04-03,,True,True,0.0,9391.0,2001-01-01,2026-09-20,26.0,True,True,True
PAM,TYNDALL AFB,FL,FL_ASOS,30.0696,-85.5754,5.0,1942-03-19,,True,True,0.0,9314.0,2001-01-01,2026-09-20,22.0,True,True,True
PCM,Plant City,FL,FL_ASOS,28.0002,-82.1642,46.9,2006-02-22,,True,True,0.0,7102.0,2006-02-22,2026-09-20,15.0,False,True,False
PFN,PANAMA CITY/BAY CO.,FL,FL_ASOS,30.2121,-85.6828,6.0,1948-01-01,2010-06-02,False,True,0.0,,,,,,False,False
PGD,PUNTA GORDA,FL,FL_ASOS,26.9172,-81.9914,8.0,1944-01-04,,True,True,0.0,9383.0,2001-01-01,2026-09-20,26.0,True,True,True
PIE,SAINT PETERSBURG,FL,FL_ASOS,27.91,-82.6874,3.0,1972-12-31,,True,True,0.0,9384.0,2001-01-01,2026-09-20,26.0,True,True,True
PMP,POMPANO BEACH,FL,FL_ASOS,26.2464,-80.111,7.0,1988-06-21,,True,False,142.4,9250.0,2001-01-01,2026-09-20,23.0,False,True,False
PNS,PENSACOLA REGIONAL,FL,FL_ASOS,30.4781,-87.1869,37.0,1937-04-01,,True,True,0.0,9394.0,2001-01-01,2026-09-20,26.0,True,True,True
RSW,FT MYERS/SW FLORIDA,FL,FL_ASOS,26.5381,-81.7567,9.0,1983-07-22,,True,False,25.4,9341.0,2001-01-01,2026-09-20,25.0,True,True,True
SEF,Sebring,FL,FL_ASOS,27.4547,-81.3416,17.05809,1942-04-01,,True,True,0.0,3409.0,2017-04-27,2026-09-20,9.0,True,True,False
SFB,SANFORD/ORLANDO,FL,FL_ASOS,28.7797,-81.2436,17.0,1945-04-01,,True,True,0.0,9393.0,2001-01-01,2026-09-20,26.0,True,True,True
SGJ,ST AUGUSTINE AIRPT,FL,FL_ASOS,29.9592,-81.3397,3.0,1996-07-01,,True,True,0.0,9304.0,2001-01-01,2026-09-20,26.0,True,True,True
SPG,St Petersburg,FL,FL_ASOS,27.7651,-82.627,1.0,1986-01-01,,True,True,0.0,9392.0,2001-01-01,2026-09-20,26.0,True,True,True
SRQ,SARASOTA-BRADENTON,FL,FL_ASOS,27.4014,-82.5586,9.0,1972-12-31,,True,True,0.0,9392.0,2001-01-01,2026-09-20,26.0,True,True,True
SUA,WITHAM FIELD AIRPORT/STUART,FL,FL_ASOS,27.18,-80.22,6.0,2000-10-10,,True,False,61.3,9202.0,2001-01-09,2026-09-20,24.0,True,True,True
TDR,Panama City Beach - Drone Runway,FL,FL_ASOS,30.07,-85.5765,3.8308954,2012-01-25,,True,True,0.0,4592.0,2012-01-25,2026-09-20,5.0,False,True,False
TIX,TITUSVILLE,FL,FL_ASOS,28.5148,-80.7992,11.0,1973-04-20,,True,False,15.8,9044.0,2001-01-01,2026-07-13,23.0,True,False,False
TLH,TALLAHASSEE RGNL,FL,FL_ASOS,30.3935,-84.3514,21.0,1937-02-22,,True,True,0.0,9394.0,2001-01-01,2026-09-20,26.0,True,True,True
TPA,TAMPA INTL AIRPORT,FL,FL_ASOS,27.9619,-82.5403,3.0,1937-04-01,,True,True,0.0,9393.0,2001-01-01,2026-09-20,26.0,True,True,True
TPF,Tampa/Knight,FL,FL_ASOS,27.9156,-82.4493,2.4,2005-11-08,,True,False,1.5,6398.0,2005-11-08,2026-09-20,11.0,False,True,False
TTS,NASA SHUTTLE FCLTY,FL,FL_ASOS,28.6149,-80.6944,3.0,1978-03-16,,True,False,30.1,8936.0,2001-01-01,2026-09-20,22.0,True,True,True
VDF,VANDENBERG AIRPORT/TAMPA,FL,FL_ASOS,28.014,-82.3453,7.0,2001-02-05,,True,True,0.0,8788.0,2001-02-05,2026-09-20,17.0,False,True,False
VNC,Venice,FL,FL_ASOS,27.0716,-82.4403,6.0,1944-01-27,,True,True,0.0,4977.0,2011-02-03,2026-09-20,10.0,False,True,False
VPS,EGLIN AFB/VALPARAIS,FL,FL_ASOS,30.4832,-86.5254,26.0,1938-09-10,,True,True,0.0,9388.0,2001-01-01,2026-09-20,26.0,True,True,True
VQQ,Jacksonville - Cecil Field,FL,FL_ASOS,30.2187,-81.8767,24.7,1972-12-31,,True,True,0.0,9130.0,2001-01-02,2026-09-20,21.0,True,True,True
VRB,Vero Beach,FL,FL_ASOS,27.6556,-80.4179,8.0,1931-07-30,,True,False,30.3,9394.0,2001-01-01,2026-09-20,26.0,True,True,True
VSH,Chipley,FL,FL_ASOS,30.7799,-85.598,23.621132,2012-07-30,2015-01-28,False,True,0.0,,,,,,False,False
VVG,The VIllages,FL,FL_ASOS,28.9446,-81.9698,26.941813,2001-04-11,2018-02-14,False,True,0.0,,,,,,False,False
X07,Lake Wales,FL,FL_ASOS,27.8934,-81.6167,37.080635,2018-05-14,,True,True,0.0,2467.0,2018-05-14,2025-08-11,3.0,False,False,False
X21,Titusville,FL,FL_ASOS,28.6226,-80.8354,9.0,2024-10-01,,True,False,18.2,600.0,2024-10-01,2026-09-20,1.0,False,True,False
X26,Valkaria AFS,FL,FL_ASOS,27.8126,-80.4959,9.411048,2020-08-06,,True,False,25.0,2455.0,2019-09-06,2026-09-20,6.0,True,True,False
X59,Valkaria,FL,FL_ASOS,27.9608,-80.558,7.0,2025-04-13,,True,False,29.7,465.0,2025-04-13,2026-09-20,0.0,False,True,False
X60,Williston,FL,FL_ASOS,29.3557,-82.4719,25.33709,2015-09-15,,True,True,0.0,3435.0,2015-09-15,2026-09-20,7.0,False,True,False
XFL,Palm Coast,FL,FL_ASOS,29.4674,-81.2063,10.0,2009-12-23,2025-03-08,False,True,0.0,,,,,,False,False
XMR,Cape Canaveral,FL,FL_ASOS,28.4677,-80.5668,3.0,1950-07-31,,True,False,37.1,7157.0,2002-01-15,2026-09-20,18.0,True,True,True
ZPH,Zephyrville,FL,FL_ASOS,28.2281,-82.1559,29.102571,2012-08-13,,True,True,0.0,4692.0,2012-08-13,2026-09-20,10.0,True,True,False
35A,Union,SC,SC_ASOS,34.687,-81.6412,181.31224,2021-03-10,,True,False,55.0,1990.0,2021-03-10,2026-09-20,4.0,True,True,False
3J1,Ridgeland,SC,SC_ASOS,32.4968,-80.993,24.0,2025-02-07,,True,True,0.0,587.0,2025-02-07,2026-09-20,1.0,True,True,False
AIK,Aiken,SC,SC_ASOS,33.6494,-81.685,160.9,2008-12-08,,True,True,0.0,6400.0,2008-12-08,2026-09-20,17.0,True,True,True
AND,ANDERSON CO AIRPORT,SC,SC_ASOS,34.4946,-82.7094,238.0,1948-12-31,,True,False,69.4,9394.0,2001-01-01,2026-09-20,26.0,True,True,True
AQX,Allendale,SC,SC_ASOS,32.9951,-81.2703,48.706158,2014-11-19,,True,True,0.0,4202.0,2014-11-19,2026-09-20,11.0,True,True,False
ARW,Beaufort,SC,SC_ASOS,32.4122,-80.6344,3.0,2009-02-10,,True,True,0.0,5994.0,2009-02-11,2025-09-18,14.0,False,False,False
BBP,Bennettsville,SC,SC_ASOS,34.6217,-79.7344,44.8,2009-04-03,,True,True,0.0,6294.0,2009-04-03,2026-09-20,13.0,True,True,False
BNL,Barnwell,SC,SC_ASOS,33.2578,-81.3883,75.0,2008-12-08,,True,True,0.0,6275.0,2008-12-08,2026-09-20,15.0,True,True,True
CAE,COLUMBIA METRO,SC,SC_ASOS,33.9419,-81.1181,69.0,1942-04-23,,True,True,0.0,9394.0,2001-01-01,2026-09-20,26.0,True,True,True
CDN,Camden,SC,SC_ASOS,34.2836,-80.5649,92.0,2008-12-08,,True,True,0.0,6238.0,2008-12-08,2026-09-20,16.0,True,True,True
CEU,CLEMSON/OCONEE COUNTY,SC,SC_ASOS,34.6719,-82.8868,272.0,2000-03-16,,True,False,94.7,9367.0,2001-01-01,2026-09-20,26.0,True,True,True
CHS,Charleston,SC,SC_ASOS,32.8986,-80.0405,10.024509,1945-01-01,,True,True,0.0,9394.0,2001-01-01,2026-09-20,26.0,True,True,True
CKI,Kingstree,SC,SC_ASOS,33.7172,-79.857,20.4,2008-12-08,,True,True,0.0,6435.0,2008-12-08,2026-09-20,15.0,True,True,True
CQW,Cheraw,SC,SC_ASOS,34.7129,-79.957,72.8,2008-12-08,,True,True,0.0,6196.0,2008-12-08,2026-09-20,15.0,True,True,True
CRE,NORTH MYRTLE BEACH,SC,SC_ASOS,33.8118,-78.7239,10.0,1948-12-31,,True,True,0.0,9394.0,2001-01-01,2026-09-20,26.0,True,True,True
CUB,COLUMBIA OWENS DOWNTOWN AIRPORT,SC,SC_ASOS,33.972,-80.9938,59.0,1979-05-13,,True,True,0.0,9382.0,2001-01-01,2026-09-20,26.0,True,True,True
DCM,Chester,SC,SC_ASOS,34.7893,-81.1958,199.9,2009-01-15,,True,False,51.3,6371.0,2008-12-11,2026-09-20,17.0,True,True,True
DYB,Summersville,SC,SC_ASOS,33.0634,-80.2793,17.1,2009-04-04,,True,True,0.0,6313.0,2009-04-04,2026-09-20,14.0,True,True,False
EOE,Newberry,SC,SC_ASOS,34.3093,-81.6397,173.1,2009-01-15,,True,False,15.0,6300.0,2008-12-11,2026-09-20,15.0,True,True,True
FDW,Winnsboro,SC,SC_ASOS,34.3155,-81.1088,175.9,2009-04-20,,True,False,12.5,6206.0,2009-04-20,2026-09-20,14.0,True,True,False
FLO,FLORENCE REGIONAL,SC,SC_ASOS,34.1854,-79.7239,45.0,1947-12-31,,True,True,0.0,9392.0,2001-01-01,2026-09-20,25.0,True,True,True
GGE,Georgetown,SC,SC_ASOS,33.3117,-79.3196,11.9,2008-11-20,,True,True,0.0,6408.0,2008-11-20,2026-09-20,17.0,True,True,True
GMU,Greenville - Downtown,SC,SC_ASOS,34.8419,-82.349,304.0,1942-09-07,,True,False,83.0,9393.0,2001-01-01,2026-09-20,26.0,True,True,True
GRD,GREENWOOD COUNTY AIRPORT,SC,SC_ASOS,34.25,-82.16,192.0,2000-05-24,,True,False,17.1,9375.0,2001-01-01,2026-09-11,26.0,True,True,True
GSP,Greenville - Spartanburg,SC,SC_ASOS,34.9061,-82.2125,294.0,1962-10-15,,True,False,86.3,9394.0,2001-01-01,2026-09-20,26.0,True,True,True
GYH,Greenville,SC,SC_ASOS,34.7583,-82.3764,291.0,1948-12-31,,True,False,75.5,7604.0,2005-01-27,2026-09-20,21.0,True,True,True
HVS,Hartsville,SC,SC_ASOS,34.4031,-80.1192,110.9,2009-04-03,,True,True,0.0,6308.0,2009-04-03,2026-09-20,16.0,True,True,True
HXD,Hilton Head Island,SC,SC_ASOS,32.2244,-80.6975,5.0,2004-06-15,,True,True,0.0,8120.0,2004-06-15,2026-09-20,22.0,True,True,True
HYW,Conway,SC,SC_ASOS,33.8285,-79.1222,10.7,2008-12-08,,True,True,0.0,6458.0,2008-12-08,2026-09-20,17.0,True,True,True
JZI,Charleston Exec,SC,SC_ASOS,32.7009,-80.0029,5.2,2008-12-08,,True,True,0.0,6398.0,2008-12-08,2026-09-20,17.0,True,True,True
LKR,Lancaster,SC,SC_ASOS,34.723,-80.8544,148.1,2008-12-08,,True,False,19.4,6410.0,2008-12-08,2026-09-20,16.0,True,True,True
LQK,Pickens County,SC,SC_ASOS,34.81,-82.7029,308.0,2000-06-30,,True,False,96.5,9299.0,2001-01-01,2026-09-20,24.0,True,True,True
LRO,Mount Pleasant,SC,SC_ASOS,32.8978,-79.7829,3.7,2008-11-20,,True,True,0.0,6131.0,2008-11-20,2026-09-20,14.0,True,True,False
LUX,Laurens,SC,SC_ASOS,34.5071,-81.9472,212.4,2009-01-15,,True,False,40.1,6398.0,2008-12-16,2026-09-20,15.0,True,True,True
MAO,Marion,SC,SC_ASOS,34.1812,-79.3347,28.0,2008-12-08,,True,True,0.0,6420.0,2008-12-08,2026-09-20,17.0,True,True,True
MKS,Moncks Corner,SC,SC_ASOS,33.1855,-80.0362,22.3,2009-01-15,,True,True,0.0,6413.0,2008-12-11,2026-09-20,15.0,True,True,True
MMT,MCENTIRE ANG BASE,SC,SC_ASOS,33.92,-80.8,77.0,1959-02-06,,True,True,0.0,9110.0,2001-01-02,2026-09-20,17.0,True,True,True
MNI,Manning,SC,SC_ASOS,33.5871,-80.2087,31.4,2008-12-08,,True,True,0.0,6302.0,2008-12-08,2026-09-20,13.0,True,True,False
MYR,MYRTLE BEACH(CIV),SC,SC_ASOS,33.68,-78.93,8.0,1942-11-01,,True,True,0.0,9389.0,2001-01-01,2026-09-20,26.0,True,True,True
NBC,BEAUFORT MCAS,SC,SC_ASOS,32.4774,-80.7232,12.0,1945-04-01,,True,True,0.0,9340.0,2001-01-01,2026-09-20,24.0,True,True,True
OGB,ORANGEBURG,SC,SC_ASOS,33.4568,-80.8595,60.0,1997-03-31,,True,True,0.0,9373.0,2001-01-01,2026-09-20,26.0,True,True,True
RBW,Walterboro,SC,SC_ASOS,32.921,-80.6406,30.8,2008-12-08,,True,True,0.0,6469.0,2008-12-08,2026-09-20,18.0,True,True,True
SMS,Sumter,SC,SC_ASOS,33.995,-80.3613,55.5,2008-12-08,,True,True,0.0,6271.0,2008-12-08,2026-09-20,13.0,True,True,False
SPA,Spartanburg,SC,SC_ASOS,34.9157,-81.9565,244.1,1930-06-01,,True,False,85.4,6338.0,2009-04-20,2026-09-20,17.0,True,True,True
SSC,SHAW AFB/SUMTER,SC,SC_ASOS,33.97,-80.47,74.0,1941-12-22,,True,True,0.0,9361.0,2001-01-01,2026-09-20,26.0,True,True,True
UDG,DARLINGTON COUNTY JETPORT,SC,SC_ASOS,34.45,-79.89,59.0,2000-02-06,,True,True,0.0,9160.0,2001-01-01,2026-09-20,21.0,True,True,True
UZA,ROCK HILL (WAS 29J),SC,SC_ASOS,34.9878,-81.0572,202.0,1999-02-01,,True,False,49.9,9333.0,2001-01-01,2026-09-20,25.0,False,True,False
XNO,North Air Force,SC,SC_ASOS,33.6117,-81.0701,91.32398,2017-11-02,,True,True,0.0,2937.0,2017-11-02,2026-09-18,2.0,True,True,False
1A5,FRANKLIN,NC,NC_ASOS,35.22,-83.42,616.0,2004-01-30,,True,False,157.3,8054.0,2004-01-31,2026-09-20,20.0,True,True,False
24A,Sylva,NC,NC_ASOS,35.3159,-83.2071,851.58276,2017-01-19,,True,False,168.6,3480.0,2017-01-19,2026-09-20,7.0,True,True,False
2DP,Dare County Gunnery Range,NC,NC_ASOS,35.6667,-75.9,0.3418498,2012-02-09,,True,False,1.2,4915.0,2012-02-09,2026-09-20,9.0,True,True,False
5W8,Silver City,NC,NC_ASOS,35.7045,-79.504,183.00014,2012-01-12,2015-01-23,False,False,26.7,,,,,,False,False
7W6,Engelhard,NC,NC_ASOS,35.5624,-75.9552,1.2678604,2016-05-22,,True,False,11.6,2853.0,2016-05-22,2026-09-20,6.0,True,True,False
ACZ,Wallace,NC,NC_ASOS,34.7179,-78.0036,10.0,2023-03-01,,True,True,0.0,1291.0,2023-03-01,2026-09-20,3.0,True,True,False
AFP,Wadesboro,NC,NC_ASOS,35.0206,-80.0771,91.4,2006-12-07,,True,True,0.0,7121.0,2006-12-07,2026-09-20,18.0,True,True,True
AKH,GASTONIA_MCPL_(ASOS),NC,NC_ASOS,35.1967,-81.1558,244.0,1999-01-30,,True,False,72.2,9379.0,2001-01-01,2026-09-20,26.0,True,True,True
ASJ,AHOSKIE_TRI_COU,NC,NC_ASOS,36.3,-77.17,21.0,1997-11-29,,True,True,0.0,9122.0,2001-01-01,2026-09-20,22.0,True,True,True
AVL,ASHEVILLE_MUNICIPAL_(ASOS),NC,NC_ASOS,35.4319,-82.5375,661.0,1948-01-01,,True,False,150.3,9394.0,2001-01-01,2026-09-20,26.0,True,True,False
BUY,BURLINGTON-ALAMANCE_REG_(ASOS),NC,NC_ASOS,36.0485,-79.4749,188.0,1998-07-01,,True,False,60.4,9356.0,2001-01-01,2026-09-20,23.0,False,True,False
CLT,Charlotte / Douglas,NC,NC_ASOS,35.2226,-80.9543,228.0,1941-07-22,,True,False,63.7,9394.0,2001-01-01,2026-09-20,26.0,True,True,True
CPC,COLUMBUS_CNTY_MUNI_ARPT,NC,NC_ASOS,34.2753,-78.7146,30.0,2002-05-14,,True,True,0.0,8683.0,2002-05-14,2026-09-20,21.0,True,True,True
CTZ,CLINTON,NC,NC_ASOS,34.9756,-78.3644,45.0,2001-07-10,,True,True,0.0,8981.0,2001-07-10,2026-09-20,19.0,True,True,True
DPL,KENANSVILLE/DUPLIN_COUNTY,NC,NC_ASOS,35.0,-77.98,42.0,1998-03-30,,True,True,0.0,9191.0,2001-01-01,2026-09-20,21.0,True,True,True
ECG,Elizabeth City,NC,NC_ASOS,36.2577,-76.1716,2.0,1948-12-31,,True,False,27.6,9387.0,2001-01-01,2026-09-20,26.0,True,True,True
EDE,EDENTON_NORTHEA,NC,NC_ASOS,36.0277,-76.5671,6.0,1998-03-17,,True,True,0.0,9317.0,2001-01-01,2026-09-20,25.0,True,True,True
EHO,SHELBY_MUNI_ARPT,NC,NC_ASOS,35.2556,-81.6011,258.0,2003-12-19,,True,False,107.3,8180.0,2003-12-19,2026-09-20,19.0,True,True,False
EQY,MONROE_AIRPORT_(ASOS),NC,NC_ASOS,35.0169,-80.6206,207.0,1999-01-30,,True,False,31.8,9387.0,2001-01-01,2026-09-20,26.0,True,True,True
ETC,Tarboro,NC,NC_ASOS,35.9373,-77.5465,15.0,2010-11-22,,True,True,0.0,4962.0,2010-11-22,2026-09-20,12.0,True,True,False
EWN,NEW_BERN/CRAVEN_CO_(ASOS),NC,NC_ASOS,35.0675,-77.0472,6.0,1948-12-31,,True,True,0.0,9393.0,2001-01-01,2026-09-20,26.0,True,True,True
EXX,LEXINGTON_DAVIDSON_COUNTY_AIRP,NC,NC_ASOS,35.7811,-80.3038,223.0,1992-02-26,,True,False,48.8,9262.0,2001-01-01,2026-09-20,24.0,True,True,True
EYF,ELIZABETHTOWN/CURTIS_BROWN_FIELD,NC,NC_ASOS,34.6,-78.58,40.0,2002-05-15,,True,True,0.0,8444.0,2002-05-15,2026-09-20,23.0,True,True,True
FAY,Fayetteville,NC,NC_ASOS,34.9912,-78.8803,56.0,1972-12-31,,True,True,0.0,9386.0,2001-01-03,2026-09-20,25.0,True,True,True
FBG,FORT_BRAGG/SIMMONS,NC,NC_ASOS,35.1318,-78.9367,74.0,1961-07-01,,True,True,0.0,8974.0,2001-01-01,2026-09-20,21.0,True,True,True
FFA,KILL_DEVIL_HILLS,NC,NC_ASOS,36.02,-75.67,4.0,2004-02-28,,True,False,23.5,7949.0,2004-02-28,2026-09-20,20.0,True,True,True
FQD,RUTHERFORDTON,NC,NC_ASOS,35.4282,-81.9351,329.0,1998-03-30,,True,False,141.2,8767.0,2001-01-01,2026-09-18,23.0,True,True,False
GEV,ASHE_COUNTY_ARPT,NC,NC_ASOS,36.43,-81.42,969.0,1998-07-30,,True,False,166.9,9196.0,2001-01-01,2026-09-20,21.0,True,True,False
GSB,SEYMOUR-JOHNSON_AFB,NC,NC_ASOS,35.3394,-77.9606,33.0,1943-06-01,,True,True,0.0,9175.0,2001-01-02,2026-09-20,19.0,False,True,False
GSO,GREENSBORO/PIEDMONT_(ASOS),NC,NC_ASOS,36.0975,-79.9436,270.0,1945-10-31,,True,False,75.6,9393.0,2001-01-01,2026-09-20,26.0,True,True,True
GWW,GOLDSBORO-WAYNE_MUNI_ARPT,NC,NC_ASOS,35.4606,-77.9649,41.0,2002-05-14,,True,True,0.0,8841.0,2002-05-14,2026-09-20,23.0,True,True,True
HBI,ASHEBORO_MUNI_ARPT,NC,NC_ASOS,35.6545,-79.8948,205.0,1999-07-30,,True,False,28.5,9283.0,2001-01-01,2026-09-20,24.0,True,True,True
HFF,MACKALL_AAF,NC,NC_ASOS,35.0367,-79.4974,115.0,1979-05-07,,True,True,0.0,8450.0,2001-01-02,2026-09-20,19.0,True,True,True
HKY,HICKORY_REGIONAL_(ASOS),NC,NC_ASOS,35.7412,-81.3896,362.0,1948-12-31,,True,False,123.1,9393.0,2001-01-01,2026-09-20,26.0,True,True,False
HNZ,HENDERSON-OXFORD_ARPT,NC,NC_ASOS,36.36,-78.53,161.0,2002-05-15,,True,False,60.3,8760.0,2002-05-15,2026-09-20,18.0,True,True,True
HRJ,ERWIN/HARNETT_COUNTY_ARPT,NC,NC_ASOS,35.3786,-78.7336,60.0,1999-07-30,,True,True,0.0,9239.0,2001-01-01,2026-09-20,25.0,True,True,True
HSE,HATTERAS_(ASOS),NC,NC_ASOS,35.2322,-75.6225,3.0,1957-02-28,,True,False,55.6,9367.0,2001-01-01,2026-09-20,24.0,True,True,True
IGX,WILLIAMS_AIRPORT_(ASOS),NC,NC_ASOS,35.9333,-79.0642,155.0,1999-07-30,2018-04-27,False,False,29.2,,,,,,False,False
ILM,Wilmington Intl,NC,NC_ASOS,34.27,-77.9,10.0,1942-06-01,,True,True,0.0,9394.0,2001-01-01,2026-09-20,26.0,True,True,True
INT,WINSTON-SALEM/SMITH_(ASOS),NC,NC_ASOS,36.1337,-80.222,296.0,1947-12-31,,True,False,84.5,9298.0,2001-01-01,2026-09-20,25.0,False,True,False
IPJ,LINCOLNTON,NC,NC_ASOS,35.4833,-81.1612,267.0,2000-10-04,,True,False,95.1,8816.0,2001-01-01,2026-09-20,23.0,True,True,True
ISO,KINSTON/STALLINGS,NC,NC_ASOS,35.33,-77.61,29.0,1954-11-01,,True,True,0.0,9382.0,2001-01-01,2026-09-20,25.0,True,True,True
IXA,Roanoke Rapids,NC,NC_ASOS,36.3298,-77.6352,44.0,2009-07-22,,True,True,0.0,6122.0,2009-07-22,2026-09-20,17.0,True,True,True
JNX,SMITHFIELD,NC,NC_ASOS,35.5409,-78.3903,50.0,2000-09-27,,True,True,0.0,9258.0,2001-01-01,2026-09-20,24.0,True,True,True
JQF,CONCORD,NC,NC_ASOS,35.3878,-80.7091,210.0,2001-05-21,,True,False,52.8,9145.0,2001-05-21,2026-09-20,22.0,True,True,True
LBT,Lumberton,NC,NC_ASOS,34.61,-79.06,38.0,1948-12-31,,True,True,0.0,9381.0,2001-01-01,2026-09-20,25.0,True,True,True
LHZ,LOUISBURG/FRANKLIN_CNTY_ARPT,NC,NC_ASOS,36.0233,-78.3303,113.0,2003-06-20,,True,False,29.3,8360.0,2003-06-20,2026-09-20,23.0,True,True,True
MCZ,Williamston,NC,NC_ASOS,35.8622,-77.1782,22.0,2023-03-01,,True,True,0.0,1276.0,2023-03-01,2026-09-20,3.0,True,True,False
MEB,LAURINBURG-MAXTON_ARPT_(ASOS),NC,NC_ASOS,34.7919,-79.3658,67.0,1951-07-30,,True,True,0.0,9360.0,2001-01-01,2026-09-20,26.0,True,True,True
MQI,MANTEO/DARE_CO_RGNL,NC,NC_ASOS,35.919,-75.6955,4.0,1945-03-01,,True,False,13.7,9394.0,2001-01-01,2026-09-20,26.0,True,True,True
MRH,SMITH_FIELD/BEAUFORT_(ASOS),NC,NC_ASOS,34.7336,-76.6606,3.0,2000-04-26,,True,False,0.1,9361.0,2001-01-01,2026-09-20,26.0,True,True,True
MRN,MORGANTON-LENOIR_AIRPORT,NC,NC_ASOS,35.82,-81.61,387.0,1999-03-30,,True,False,144.7,8982.0,2001-01-01,2026-09-20,24.0,True,True,False
MWK,MOUNT_AIRY/SURRY_COUNTY_APRT,NC,NC_ASOS,36.46,-80.55,380.0,1999-03-30,,True,False,127.0,9198.0,2001-01-01,2026-09-20,21.0,False,True,False
NBT,Piney Island,NC,NC_ASOS,35.0222,-76.4625,5.0,2008-05-20,,True,True,0.0,4580.0,2008-05-20,2026-09-18,4.0,False,True,False
NCA,NEW_RIVER_MCAS,NC,NC_ASOS,34.7084,-77.4397,8.0,1955-01-03,,True,True,0.0,9329.0,2001-01-01,2026-09-18,25.0,True,True,True
NJM,Bogue Field,NC,NC_ASOS,34.694,-77.0294,3.163574,1980-10-01,,True,True,0.0,7238.0,2001-01-03,2026-09-20,10.0,True,True,False
NKT,CHERRY_POINT_MCAS,NC,NC_ASOS,34.9,-76.88,9.0,1945-03-01,,True,True,0.0,9390.0,2001-01-01,2026-09-20,26.0,True,True,True
NR02,Jordan Field,NC,NC_ASOS,35.2378,-79.9956,183.0,2011-08-27,2020-03-23,False,True,0.0,,,,,,False,False
OAJ,JACKSONVILLE_(AWOS),NC,NC_ASOS,34.8292,-77.6121,29.0,1976-12-25,,True,True,0.0,9245.0,2001-01-01,2026-09-20,25.0,True,True,True
OCW,Washington/Warren,NC,NC_ASOS,35.57,-77.05,12.0,1998-11-29,,True,True,0.0,9155.0,2001-01-01,2026-09-20,24.0,True,True,True
ONX,Currituck,NC,NC_ASOS,36.3999,-76.0154,5.5,2004-08-16,,True,False,30.0,7916.0,2004-08-16,2026-09-20,20.0,True,True,True
PGV,PITT-GREENVILLE_APRT,NC,NC_ASOS,35.6352,-77.3853,8.0,1972-12-31,,True,True,0.0,9356.0,2001-01-01,2026-09-20,25.0,True,True,True
POB,POPE_AFB,NC,NC_ASOS,35.1709,-79.0145,66.0,1937-07-03,,True,True,0.0,9311.0,2001-01-02,2026-09-20,23.0,True,True,True
RCZ,ROCKINGHAM,NC,NC_ASOS,34.89,-79.76,109.0,2004-06-21,,True,True,0.0,7625.0,2004-06-21,2026-09-20,18.0,True,True,True
RDU,Raleigh / Durham,NC,NC_ASOS,35.8922,-78.7819,117.95659,1945-10-31,,True,False,16.0,9394.0,2001-01-01,2026-09-20,26.0,True,True,True
RHP,ANDREWS-MURPHY_AIRPORT,NC,NC_ASOS,35.1952,-83.863,518.0,2001-05-18,,True,False,128.6,8892.0,2001-05-18,2026-09-20,21.0,True,True,False
RUQ,ROWAN_COUNTY_AIRPORT,NC,NC_ASOS,35.6459,-80.5203,236.0,2000-01-19,,True,False,48.9,9234.0,2001-01-01,2026-09-15,23.0,True,True,True
RWI,ROCKY_MOUNT-WILSON_(ASOS),NC,NC_ASOS,35.8562,-77.8919,48.0,1973-06-20,,True,True,0.0,9351.0,2001-01-01,2026-09-20,24.0,True,True,True
RZZ,ROANOKE_RAPIDS_(ASOS),NC,NC_ASOS,36.44,-77.71,77.0,1998-05-30,2009-06-25,False,False,3.9,,,,,,False,False
SCR,Siler City,NC,NC_ASOS,35.7043,-79.5043,180.53482,2004-02-28,,True,False,26.6,4254.0,2004-02-28,2026-09-20,9.0,True,True,False
SIF,Reidsville,NC,NC_ASOS,36.4372,-79.851,211.0,2005-10-15,,True,False,109.7,7620.0,2005-09-16,2026-09-20,19.0,True,True,False
SOP,SOUTHERN_PINES_AWOS,NC,NC_ASOS,35.2372,-79.3911,141.0,1992-02-26,,True,True,0.0,8976.0,2001-01-01,2026-09-20,20.0,True,True,True
SUT,SOUTHPORT/BRUNSWICK,NC,NC_ASOS,33.9292,-78.0747,8.0,2001-08-21,,True,True,0.0,9065.0,2001-08-21,2026-09-20,21.0,True,True,True
SVH,STATESVILLE,NC,NC_ASOS,35.765,-80.9539,294.0,1998-03-30,,True,False,88.7,9311.0,2001-01-01,2026-09-20,23.0,True,True,True
TDF,ROXBORO,NC,NC_ASOS,36.2849,-78.9842,186.0,2000-10-04,,True,False,61.2,9230.0,2001-01-01,2026-09-20,23.0,True,True,True
TNB,WATAUGA_CNTY_HOSP_HELIP,NC,NC_ASOS,36.2,-81.65,959.0,2000-01-24,,True,False,167.0,9277.0,2001-01-01,2026-09-20,23.0,True,True,False
TQV,Durham - Duke North Heliport,NC,NC_ASOS,36.007,-78.9373,120.0,2021-10-29,,True,False,30.4,1776.0,2021-10-29,2026-09-20,5.0,True,True,False
TTA,Sanford - Lee County,NC,NC_ASOS,35.5764,-79.1034,73.0,2001-03-30,,True,False,4.8,9073.0,2001-03-31,2026-09-20,21.0,True,True,True
UKF,NORTH_WILKESBORO/WILKES_CNTY,NC,NC_ASOS,36.2228,-81.0983,396.0,1999-07-30,,True,False,130.5,9244.0,2001-01-01,2026-09-20,22.0,True,True,False
VUJ,ALBEMARLE,NC,NC_ASOS,35.4167,-80.1508,186.0,2000-10-04,,True,False,7.1,9230.0,2001-01-01,2026-09-20,21.0,True,True,True
W40,Mount Olive,NC,NC_ASOS,35.2225,-78.0375,51.0,2022-11-16,,True,True,0.0,1402.0,2022-11-16,2026-09-20,4.0,True,True,False
0V4,Brookneal,VA,VA_ASOS,37.1417,-79.0164,178.73071,2014-08-21,,True,False,112.9,4209.0,2014-08-21,2026-09-20,11.0,True,True,False
0VG,Jonesville,VA,VA_ASOS,36.6541,-83.2178,416.0,2010-09-21,,True,False,294.7,5194.0,2010-09-21,2026-09-17,7.0,True,True,False
AKQ,WAKEFIELD (NEXRAD),VA,VA_ASOS,36.9839,-77.0072,64.0,1997-10-31,,True,False,22.0,9373.0,2001-01-01,2026-09-20,25.0,True,True,True
AVC,SOUTH HILL/MECKLENBURG-BRUNSWICK,VA,VA_ASOS,36.6883,-78.0545,135.0,1997-01-31,,True,False,14.1,9252.0,2001-01-01,2026-09-20,22.0,True,True,True
BCB,VIRGINIA TECH ARPT,VA,VA_ASOS,37.2076,-80.4078,650.0,1994-10-15,,True,False,204.7,9365.0,2001-01-01,2026-09-20,25.0,True,True,False
BKT,Blackstone,VA,VA_ASOS,37.0742,-77.9575,125.72337,2014-08-20,,True,False,41.6,4169.0,2014-08-20,2026-09-20,6.0,False,True,False
CPK,CHESAPEAKE,VA,VA_ASOS,36.6656,-76.3207,6.0,1998-05-31,,True,True,0.0,9325.0,2001-01-01,2026-09-20,25.0,True,True,True
CXE,Chase City,VA,VA_ASOS,36.7883,-78.5016,148.68195,2014-11-06,,True,False,55.1,4298.0,2014-11-06,2026-09-20,11.0,True,True,False
DAN,DANVILLE REGIONAL,VA,VA_ASOS,36.5729,-79.3361,174.0,1949-01-31,,True,False,102.2,9377.0,2001-01-01,2026-09-20,24.0,True,True,False
EMV,EMPORIA-GREENSVILLE RGL AIRPORT,VA,VA_ASOS,36.6869,-77.4828,39.0,2002-02-28,,True,False,3.8,8800.0,2002-02-28,2026-09-20,20.0,True,True,True
FAF,FORT EUSTIS/FELKER,VA,VA_ASOS,37.1325,-76.6088,4.0,1960-11-01,,True,False,33.2,8616.0,2001-01-03,2026-09-20,19.0,True,True,True
FCI,Chesterfield,VA,VA_ASOS,37.4064,-77.5248,72.0,1948-01-01,,True,False,78.3,8939.0,2001-01-01,2026-09-20,18.0,False,True,False
FKN,FRANKLIN/J B ROSE,VA,VA_ASOS,36.6981,-76.9038,12.0,1994-10-15,,True,True,0.0,9334.0,2001-01-01,2026-09-20,24.0,True,True,True
FVX,FARMVILLE,VA,VA_ASOS,37.3575,-78.4378,125.0,1994-07-18,,True,False,89.1,9142.0,2001-01-01,2026-09-20,22.0,True,True,True
FYJ,WEST_POINT,VA,VA_ASOS,37.5211,-76.7647,7.0,2004-01-31,,True,False,74.6,8100.0,2004-02-01,2026-09-20,20.0,True,True,True
HLX,HILLSVILLE,VA,VA_ASOS,36.7661,-80.8236,834.0,1994-12-31,,True,False,167.4,9267.0,2001-01-01,2026-09-20,24.0,True,True,False
JFZ,Richlands,VA,VA_ASOS,37.0638,-81.7983,808.6,2002-08-28,,True,False,241.1,8004.0,2002-08-28,2026-09-20,14.0,True,True,False
JGG,WILLIAMSBURG,VA,VA_ASOS,37.2392,-76.7161,15.0,2003-04-22,,True,False,43.4,7454.0,2003-04-22,2026-09-20,17.0,False,True,False
LFI,LANGLEY AFB/HAMPTON,VA,VA_ASOS,37.0828,-76.3605,3.0,1936-10-01,,True,False,38.4,9375.0,2001-01-01,2026-09-20,25.0,True,True,True
LNP,WISE/LONESOME PINE,VA,VA_ASOS,36.9875,-82.53,817.0,1980-02-27,,True,False,281.0,9312.0,2001-01-01,2026-09-20,25.0,True,True,False
LVL,Lawrenceville,VA,VA_ASOS,36.7728,-77.7943,99.50898,2014-08-20,,True,False,5.4,4168.0,2014-08-20,2026-09-20,6.0,True,True,False
LYH,LYNCHBURG/P. GLENN,VA,VA_ASOS,37.3208,-79.2067,286.0,1947-12-31,,True,False,137.4,9394.0,2001-01-01,2026-09-20,26.0,True,True,False
MKJ,MARION / WYTHEVILLE,VA,VA_ASOS,36.8949,-81.3499,780.0,1995-04-23,,True,False,202.4,9265.0,2001-01-01,2026-09-20,24.0,True,True,False
MTV,MARTINSVILLE,VA,VA_ASOS,36.6272,-80.0133,287.0,1995-07-08,,True,False,133.7,9373.0,2001-01-01,2026-09-20,26.0,True,True,False
NFE,Fentress,VA,VA_ASOS,36.695,-76.1356,5.0,1945-03-01,,True,False,14.1,8998.0,2001-01-01,2026-09-20,23.0,True,True,True
NGU,NORFOLK NAS/CHAMBER,VA,VA_ASOS,36.9375,-76.2893,5.0,1945-02-01,,True,False,28.2,9394.0,2001-01-01,2026-09-20,26.0,True,True,True
NTU,OCEANA NAS/SOUCEK,VA,VA_ASOS,36.8207,-76.0335,7.0,1945-03-01,,True,False,29.3,9392.0,2001-01-01,2026-09-20,26.0,True,True,True
ORF,NORFOLK INTL ARPT,VA,VA_ASOS,36.9033,-76.1922,9.0,1948-01-01,,True,False,27.6,9394.0,2001-01-01,2026-09-20,26.0,True,True,True
PHF,NEWPORT NEWS,VA,VA_ASOS,37.1319,-76.493,13.0,1972-12-31,,True,False,36.5,9381.0,2001-01-01,2026-09-20,26.0,True,True,True
PSK,DUBLIN/NEW RIV VLLY,VA,VA_ASOS,37.1374,-80.6785,642.0,1948-12-31,,True,False,202.1,9354.0,2001-01-01,2026-09-20,24.0,True,True,False
PTB,PETERSBURG (AWOS),VA,VA_ASOS,37.1838,-77.5074,59.0,1992-08-07,,True,False,54.9,9331.0,2001-01-01,2026-09-20,25.0,True,True,True
PVG,Norfolk/Hampton Roads,VA,VA_ASOS,36.7801,-76.4488,7.0,1998-05-31,,True,False,6.1,8614.0,2001-01-01,2026-09-20,19.0,True,True,True
RIC,RICHMOND/BYRD FIELD,VA,VA_ASOS,37.5115,-77.3234,54.0,1942-09-24,,True,False,86.8,9394.0,2001-01-01,2026-09-20,26.0,True,True,True
ROA,Roanoke Muni,VA,VA_ASOS,37.3172,-79.9737,344.71243,1948-01-01,,True,False,197.6,9394.0,2001-01-01,2026-09-20,26.0,True,True,False
SFQ,SUFFOLK,VA,VA_ASOS,36.6824,-76.6019,22.0,1998-05-31,,True,True,0.0,9248.0,2001-01-01,2026-09-20,24.0,True,True,True
VJI,Abingdon,VA,VA_ASOS,36.6871,-82.0333,631.0,1984-06-07,,True,False,226.3,9210.0,2001-01-01,2026-09-20,22.0,True,True,False
W31,Kenbridge,VA,VA_ASOS,36.9601,-78.185,156.77553,2014-08-20,,True,False,40.8,4379.0,2014-08-20,2026-09-20,11.0,True,True,False
W63,Clarksville / Marks,VA,VA_ASOS,36.5958,-78.5601,115.03276,2014-11-06,,True,False,57.0,4255.0,2014-11-06,2026-09-20,9.0,False,True,False
W78,South Boston,VA,VA_ASOS,36.71,-78.848,115.141014,2014-08-20,,True,False,83.2,4367.0,2014-08-20,2026-09-20,11.0,True,True,False
W81,Crewe,VA,VA_ASOS,37.181,-78.0983,119.94983,2014-08-20,,True,False,57.4,4289.0,2014-08-20,2026-09-20,9.0,True,True,False
W96,Quinton,VA,VA_ASOS,37.5032,-77.1255,34.549,2014-11-06,,True,False,78.2,4289.0,2014-11-06,2026-09-20,10.0,True,True,False
0A9,Elizabethton,TN,TN_ASOS,36.3712,-82.1734,486.0,2009-04-01,,True,False,216.5,6079.0,2009-04-01,2026-09-20,11.0,False,True,False
1M5,Portland,TN,TN_ASOS,36.5929,-86.4769,244.0,2010-09-01,,True,False,267.4,3476.0,2010-09-01,2026-09-17,4.0,False,True,False
2A0,Dayton,TN,TN_ASOS,35.4817,-84.9322,214.8747,2016-07-08,,True,False,123.6,3409.0,2016-07-08,2026-09-20,7.0,True,True,False
2M2,Lawrenceburg,TN,TN_ASOS,35.2343,-87.2579,281.34207,2018-07-18,,True,False,118.4,2934.0,2018-07-13,2026-09-20,6.0,False,True,False
2M8,Millington,TN,TN_ASOS,35.279,-89.9315,74.0,2023-12-19,,True,False,241.4,605.0,2023-12-19,2026-09-20,0.0,False,True,False
8A3,Livingston,TN,TN_ASOS,36.4121,-85.3116,409.0,2010-09-01,,True,False,227.6,3195.0,2010-09-01,2026-09-20,4.0,True,True,False
BGF,Winchester,TN,TN_ASOS,35.1775,-86.0662,296.0,2010-09-01,,True,False,109.0,5117.0,2010-09-01,2026-09-19,10.0,False,True,False
BNA,NASHVILLE METRO,TN,TN_ASOS,36.1189,-86.6892,180.0,1934-01-01,,True,False,214.2,9394.0,2001-01-01,2026-09-20,26.0,True,True,False
CHA,CHATTANOOGA/LOVELL,TN,TN_ASOS,35.0353,-85.2038,210.0,1932-12-31,,True,False,74.8,9394.0,2001-01-01,2026-09-20,26.0,True,True,True
CKV,CLARKSVILLE/OUTLAW,TN,TN_ASOS,36.6219,-87.415,168.0,1973-04-18,,True,False,272.6,9067.0,2001-04-10,2026-09-20,22.0,True,True,False
CSV,CROSSVILLE MEMORIAL,TN,TN_ASOS,35.9513,-85.085,573.0,1934-06-21,,True,False,175.4,9385.0,2001-01-01,2026-09-20,26.0,True,True,False
DKX,Knoxville Downtown,TN,TN_ASOS,35.9638,-83.8737,251.1181,1979-05-07,,True,False,200.1,3673.0,2016-04-13,2026-09-20,6.0,True,True,False
DYR,DYERSBURG(AWOS),TN,TN_ASOS,35.998,-89.4066,103.0,1943-04-12,,True,False,274.3,8713.0,2001-01-01,2026-09-17,18.0,False,True,False
EOD,Fort Campbell,TN,TN_ASOS,36.5677,-87.4814,178.0,2026-03-27,,True,False,266.9,178.0,2026-03-27,2026-09-20,0.0,False,True,False
FYE,Somerville,TN,TN_ASOS,35.2061,-89.3929,132.87497,2001-02-15,,True,False,216.2,3282.0,2001-02-15,2026-09-20,4.0,True,True,False
FYM,Fayetteville,TN,TN_ASOS,35.0597,-86.564,296.0,2010-09-01,,True,False,97.1,4250.0,2010-09-01,2026-09-08,8.0,True,True,False
GCY,Greenville,TN,TN_ASOS,36.196,-82.811,487.0846,2018-04-18,,True,False,238.4,3038.0,2018-04-18,2026-09-20,6.0,True,True,False
GKT,Sevierville,TN,TN_ASOS,35.8578,-83.5287,301.31348,2014-07-01,,True,False,205.2,4357.0,2014-07-01,2026-09-20,8.0,True,True,False
GZS,Pulaski,TN,TN_ASOS,35.1537,-87.0568,200.87474,2017-05-09,,True,False,111.3,3576.0,2016-06-27,2026-09-20,7.0,True,True,False
HZD,Huntingdon,TN,TN_ASOS,36.089,-88.4654,142.96805,2000-06-24,,True,False,235.9,3828.0,2001-01-01,2026-09-20,8.0,True,True,False
JAU,Jacksboro,TN,TN_ASOS,36.3341,-84.163,349.91208,2015-06-09,,True,False,229.5,3754.0,2015-06-08,2026-09-20,8.0,False,True,False
JWN,John C Tune,TN,TN_ASOS,36.1824,-86.8867,147.0,2010-09-02,,True,False,222.0,3848.0,2010-09-02,2026-09-20,8.0,True,True,False
LUG,Lewisburg-Ellington,TN,TN_ASOS,35.5136,-86.803,217.0,2010-09-02,,True,False,147.4,3095.0,2010-09-02,2026-09-20,8.0,True,True,False
M01,Memphis - General Dewitt Spain,TN,TN_ASOS,35.2007,-90.054,68.0,2022-11-08,,True,False,234.5,1226.0,2022-11-08,2026-09-20,3.0,True,True,False
M02,Dickson,TN,TN_ASOS,36.1279,-87.4298,262.0,2010-09-01,,True,False,218.0,3011.0,2010-09-01,2026-09-20,6.0,True,True,False
M04,Covington,TN,TN_ASOS,35.5834,-89.5872,81.61184,2000-06-24,,True,False,254.5,3267.0,2001-01-01,2026-09-20,5.0,False,True,False
M08,Bolivar,TN,TN_ASOS,35.2145,-89.0434,149.5601,2000-06-24,,True,False,191.1,3172.0,2001-01-01,2026-09-20,5.0,False,True,False
M33,Gallatin,TN,TN_ASOS,36.3768,-86.4088,170.0,2010-09-04,2018-05-23,False,False,243.9,,,,,,False,False
M54,Lebanon,TN,TN_ASOS,36.1904,-86.3157,171.0,2010-09-03,,True,False,221.8,2981.0,2010-09-03,2026-09-20,4.0,True,True,False
M91,Springfield,TN,TN_ASOS,36.5363,-86.9189,211.10802,2014-11-21,,True,False,261.3,3861.0,2014-11-20,2026-08-08,8.0,True,False,False
MBT,Murfreesboro,TN,TN_ASOS,35.8775,-86.3775,187.0,2010-09-01,,True,False,189.0,3086.0,2010-09-01,2026-09-20,7.0,True,True,False
MEM,MEMPHIS INTL ARPT,TN,TN_ASOS,35.0611,-89.985,87.0,1931-10-31,,True,False,218.2,9394.0,2001-01-01,2026-09-20,26.0,True,True,False
MKL,JACKSON/MCKELLAR,TN,TN_ASOS,35.5931,-88.9167,132.0,1948-07-01,,True,False,211.9,9394.0,2001-01-01,2026-09-20,26.0,True,True,False
MMI,Athens,TN,TN_ASOS,35.3973,-84.5626,245.04639,2013-10-16,,True,False,120.0,4542.0,2013-10-16,2026-09-20,9.0,True,True,False
MNV,Madisonville,TN,TN_ASOS,35.5452,-84.3804,306.08548,2016-05-22,,True,False,140.2,3719.0,2015-12-11,2026-09-20,6.0,True,True,False
MOR,Morristown Moore-Murrell,TN,TN_ASOS,36.1794,-83.3754,392.4397,2014-04-16,,True,False,242.4,4013.0,2014-04-16,2026-09-18,6.0,False,True,False
MQY,SMYRNA,TN,TN_ASOS,36.009,-86.5201,166.0,1942-08-16,,True,False,202.5,9379.0,2001-01-01,2026-09-20,26.0,True,True,False
MRC,Columbia,TN,TN_ASOS,35.5544,-87.1791,200.75005,1948-01-01,,True,False,154.2,8568.0,2001-01-01,2026-09-20,23.0,True,True,False
NQA,MEMPHIS NAS,TN,TN_ASOS,35.3567,-89.8703,98.0,1945-03-01,,True,False,249.3,9390.0,2001-01-01,2026-09-20,25.0,True,True,False
OQT,OAK RIDGE,TN,TN_ASOS,36.023,-84.2336,277.0,1998-09-01,,True,False,194.6,9372.0,2001-01-01,2026-09-20,26.0,True,True,False
PHT,Paris,TN,TN_ASOS,36.3359,-88.3844,173.78418,2000-06-24,,True,False,258.3,4576.0,2001-01-01,2026-09-20,9.0,True,True,False
PVE,Levington - Parson Beech River,TN,TN_ASOS,35.6564,-88.1954,153.90102,2014-03-08,,True,False,182.3,4013.0,2014-03-08,2026-09-20,4.0,False,True,False
RKW,Rockwood,TN,TN_ASOS,35.9223,-84.6897,504.0,2010-09-03,,True,False,174.7,3008.0,2010-09-03,2026-09-20,8.0,True,True,False
RNC,Mc Minnville,TN,TN_ASOS,35.6987,-85.8438,309.0,2010-09-01,,True,False,155.9,4471.0,2010-09-01,2026-09-20,10.0,True,True,False
RZR,Cleveland,TN,TN_ASOS,35.2115,-84.7998,242.88419,2013-11-19,,True,False,95.3,4263.0,2013-11-19,2026-09-20,7.0,True,True,False
SCX,Oneida Scott,TN,TN_ASOS,36.4557,-84.5858,462.0712,2017-10-23,,True,False,234.6,3171.0,2017-10-23,2026-09-20,8.0,False,True,False
SNH,Savannah,TN,TN_ASOS,35.1703,-88.2167,141.1841,2000-06-14,,True,False,136.3,4608.0,2001-01-01,2026-09-20,9.0,True,True,False
SRB,Sparta,TN,TN_ASOS,36.0559,-85.5307,307.91287,1981-02-20,,True,False,189.2,5050.0,2010-09-03,2026-09-20,10.0,True,True,False
SYI,Shelbyville,TN,TN_ASOS,35.5594,-86.4425,243.0,2010-09-01,,True,False,153.3,4388.0,2010-09-01,2026-09-20,10.0,False,True,False
SZY,Sibley,TN,TN_ASOS,35.2029,-88.4984,182.92949,2001-02-15,,True,False,154.7,3098.0,2001-02-15,2026-09-20,5.0,False,True,False
THA,Tullahoma,TN,TN_ASOS,35.38,-86.2467,330.0,2010-09-01,,True,False,136.3,5249.0,2010-09-01,2026-09-20,11.0,False,True,False
TRI,BRISTOL/TRI-CITY,TN,TN_ASOS,36.4752,-82.4074,463.0,1934-07-01,,True,False,240.2,9394.0,2001-01-01,2026-09-20,26.0,True,True,False
TYS,KNOXVILLE MUNICIPAL,TN,TN_ASOS,35.8181,-83.9858,299.0,1900-12-31,,True,False,181.2,9394.0,2001-01-01,2026-09-20,26.0,True,True,False
UCY,Everett-Stewart,TN,TN_ASOS,36.3797,-88.9857,97.541595,1949-01-01,,True,False,286.0,8328.0,2001-01-01,2026-09-20,15.0,True,True,False
XNX,Sumner,TN,TN_ASOS,36.3751,-86.4084,167.91992,2016-03-30,,True,False,243.7,3488.0,2016-03-30,2026-09-20,4.0,True,True,False
42A,Melbourne,AR,AR_ASOS,36.0713,-91.8287,226.0,2024-05-19,,True,False,383.9,747.0,2024-05-19,2026-09-20,1.0,False,True,False
4M3,Carlisle,AR,AR_ASOS,34.8082,-91.7121,73.0,2024-10-01,,True,False,267.9,719.0,2024-10-01,2026-09-20,2.0,True,True,False
4M9,Corning,AR,AR_ASOS,36.4042,-90.6479,89.3,2009-06-12,,True,False,376.3,6144.0,2009-06-12,2026-09-20,14.0,True,True,False
ADF,Arkadelphia,AR,AR_ASOS,34.0998,-93.0661,57.59382,1972-01-03,,True,False,188.3,6918.0,2007-01-19,2026-09-20,15.0,True,True,False
AGO,Magnolia,AR,AR_ASOS,33.228,-93.217,95.0,2022-05-23,,True,False,93.3,1567.0,2022-05-23,2026-09-20,4.0,True,True,False
ARG,WALNUT RIDGE (AWOS),AR,AR_ASOS,36.1247,-90.9251,83.0,1942-10-10,,True,False,354.0,9238.0,2001-01-01,2026-09-20,22.0,True,True,False
ASG,SPRINGDALE MUNI,AR,AR_ASOS,36.1764,-94.1193,412.0,1985-07-03,,True,False,430.0,9387.0,2001-01-01,2026-09-20,26.0,True,True,False
AWM,WEST MEMPHIS MUNI,AR,AR_ASOS,35.1351,-90.2344,65.0,1977-05-01,,True,False,230.9,8508.0,2003-01-15,2026-09-20,21.0,True,True,False
BDQ,Morrilton,AR,AR_ASOS,35.1362,-92.7137,98.0,2026-07-23,,True,False,304.3,60.0,2026-07-23,2026-09-20,0.0,False,True,False
BPK,MOUNTAIN HOME/BAXTER COUNTY,AR,AR_ASOS,36.37,-92.47,283.0,1998-11-01,,True,False,442.5,9358.0,2001-01-01,2026-09-20,23.0,True,True,False
BVX,BATESVILLE (AWOS),AR,AR_ASOS,35.7261,-91.6472,141.0,1992-04-09,,True,False,343.1,9206.0,2001-01-01,2026-09-20,20.0,True,True,False
BYH,EAKER AFB,AR,AR_ASOS,35.9643,-89.9439,78.0,1942-09-01,2025-02-13,False,False,305.7,,,,,,False,False
CCA,Clinton,AR,AR_ASOS,35.5978,-92.4516,156.7,2007-05-08,,True,False,357.7,6806.0,2007-05-08,2026-09-20,12.0,True,True,False
CDH,Camden,AR,AR_ASOS,33.6228,-92.7634,39.6,1984-03-20,,True,False,136.8,6876.0,2007-05-01,2026-09-20,15.0,True,True,False
CXW,Conway,AR,AR_ASOS,35.0199,-92.5551,81.75472,2017-03-06,,True,False,292.9,3132.0,2017-03-06,2026-09-20,6.0,True,True,False
DEQ,J LYNN HELMS/DE QUEEN,AR,AR_ASOS,34.047,-94.3994,108.0,2001-07-12,,True,False,221.5,9172.0,2001-07-12,2026-09-20,24.0,True,True,False
DRP,Colt - Delta Regional,AR,AR_ASOS,35.1201,-90.8265,70.0,2023-12-02,,True,False,248.4,919.0,2023-12-02,2026-09-20,1.0,False,True,False
ELD,EL DORADO/GOODWIN,AR,AR_ASOS,33.221,-92.8133,77.0,1949-07-06,,True,False,92.0,9378.0,2001-01-03,2026-09-20,25.0,True,True,True
FLP,FLIPPIN (AWOS),AR,AR_ASOS,36.2909,-92.5902,350.0,1951-07-01,,True,False,432.8,8748.0,2001-01-01,2026-09-20,18.0,False,True,False
FSM,FORT SMITH MUNI,AR,AR_ASOS,35.3366,-94.3674,141.0,1947-01-01,,True,False,347.3,9394.0,2001-01-01,2026-09-20,26.0,True,True,False
FYV,FAYETTEVILLE/DRAKE,AR,AR_ASOS,36.0051,-94.1701,381.0,1949-07-14,,True,False,412.7,9392.0,2001-01-01,2026-09-20,26.0,True,True,False
HKA,Blytheville,AR,AR_ASOS,35.9378,-89.8332,77.0,1998-11-01,,True,False,296.4,9302.0,2001-01-01,2026-09-20,23.0,False,True,False
HOT,HOT SPRINGS,AR,AR_ASOS,34.478,-93.0962,165.0,1972-12-31,,True,False,230.3,9372.0,2001-01-01,2026-09-20,25.0,True,True,False
HRO,HARRISON/BOONE CO.,AR,AR_ASOS,36.2615,-93.1547,416.0,1946-08-01,,True,False,428.3,9381.0,2001-01-01,2026-09-20,25.0,True,True,False
JBR,Jonesboro,AR,AR_ASOS,35.8357,-90.6442,79.0,1972-12-31,,True,False,315.7,9316.0,2001-01-01,2026-09-20,23.0,True,True,False
LIT,LITTLE ROCK/ADAMS,AR,AR_ASOS,34.7273,-92.2357,79.0,1948-07-01,,True,False,263.3,9394.0,2001-01-01,2026-09-20,26.0,True,True,False
LLQ,MONTICELLO,AR,AR_ASOS,33.64,-91.75,82.0,1998-11-01,,True,False,155.7,9073.0,2001-01-01,2026-09-20,23.0,True,True,False
LRF,LITTLE ROCK AFB,AR,AR_ASOS,34.9168,-92.1465,95.0,1956-01-01,,True,False,285.0,9260.0,2001-01-01,2026-09-20,21.0,True,True,False
LZK,NORTH LITTLE ROCK,AR,AR_ASOS,34.835,-92.2594,165.0,1972-12-31,2004-08-27,False,False,275.1,,,,,,False,False
M19,Newport,AR,AR_ASOS,35.6377,-91.1764,72.8,2005-12-21,,True,False,313.6,7457.0,2005-12-21,2026-09-20,20.0,False,True,False
MEZ,MENA INTERMOUNTAIN MUNI,AR,AR_ASOS,34.5454,-94.2026,329.0,2004-11-26,,True,False,260.7,7773.0,2004-11-26,2026-09-20,18.0,True,True,False
MWT,MOUNT IDA,AR,AR_ASOS,34.5467,-93.5781,241.0,1999-03-01,,True,False,243.2,9042.0,2001-01-01,2026-09-20,23.0,True,True,False
ORK,North Little Rock,AR,AR_ASOS,34.8331,-92.2541,162.32234,2020-10-06,,True,False,274.9,1885.0,2020-10-06,2026-09-20,4.0,False,True,False
PBF,PINE BLUFF/GRIDER,AR,AR_ASOS,34.175,-91.9347,63.0,1948-10-01,,True,False,206.9,9392.0,2001-01-01,2026-09-20,26.0,True,True,False
ROG,ROGERS (AWOS),AR,AR_ASOS,36.3724,-94.107,415.0,1992-05-06,,True,False,451.0,9346.0,2001-01-01,2026-09-20,26.0,True,True,False
RUE,RUSSELLVILLE MUNICIPAL AIRPORT,AR,AR_ASOS,35.2578,-93.0947,123.0,1999-02-01,,True,False,316.8,9056.0,2001-01-01,2026-09-20,23.0,False,True,False
SGT,STUTTGART (AWOS),AR,AR_ASOS,34.5995,-91.575,68.0,1991-09-11,,True,False,243.1,8937.0,2001-01-01,2026-09-20,21.0,True,True,False
SLG,SILOAM SPRING(AWOS),AR,AR_ASOS,36.1919,-94.49,300.0,1992-04-08,,True,False,440.4,9175.0,2001-01-01,2026-09-20,23.0,True,True,False
SRC,SEARCY MUNI AIRPORT (M07),AR,AR_ASOS,35.21,-91.74,80.0,1999-06-01,,True,False,302.1,8335.0,2001-01-01,2026-09-20,17.0,False,True,False
SUZ,Benton,AR,AR_ASOS,34.5904,-92.4794,115.0,2018-11-08,,True,False,246.9,2824.0,2018-11-08,2026-09-20,5.0,True,True,False
TXK,TEXARKANA RGNL/WEBB,AR,AR_ASOS,33.4537,-93.991,119.0,1946-07-29,,True,False,146.4,9393.0,2001-01-01,2026-09-20,26.0,True,True,False
VBT,BENTONVILLE (AWOS),AR,AR_ASOS,36.3457,-94.2194,395.0,1992-04-08,,True,False,450.3,9008.0,2001-01-01,2026-09-20,20.0,True,True,False
XNA,NORTHWEST ARKANSAS REGIONAL APT,AR,AR_ASOS,36.282,-94.307,392.0,1998-11-01,,True,False,445.4,9392.0,2001-01-01,2026-09-20,26.0,True,True,False
